{
  "resourceType": "Library",
  "id": "PositiveAirwayPressureDevices-prepopulation",
  "name": "PositiveAirwayPressureDevices-prepopulation",
  "identifier": [
    {
      "id": "urn:hl7:davinci:crd:library-positive-airway-pressure-prepopulate"
    }
  ],
  "version": "0.0.1",
  "title": "CPAP Prepopulation",
  "status": "draft",
  "type": {
    "coding": [
      {
        "code": "logic-library"
      }
    ]
  },
  "relatedArtifact": [
    {
      "type": "depends-on",
      "resource": {
        "reference": "Library/FHIRHelpers-3.0.0"
      }
    }
  ],
  "content": [
    {
      "contentType": "application/elm+json",
      "url": "files/PositiveAirwayPressureDevices/stu3/PositiveAirwayPressureDevicesPrepopulation-0.0.1.cql"
    }
  ]
}
