{
  "resourceType": "Library",
  "id": "RespiratoryAssistDevices-prepopulation",
  "url": "http://hl7.org/fhir/us/davinci-dtr/Library/RespiratoryAssistDevices-prepopulation",
  "name": "RespiratoryAssistDevices-prepopulation",
  "version": "0.0.1",
  "title": "RAD Prepopulation",
  "status": "draft",
  "identifier": [
    {
      "id": "urn:hl7:davinci:crd:library-respiratory-assist-devices-prepopulation-r4"
    }
  ],
  "type": {
    "coding": [
      {
        "code": "logic-library"
      }
    ]
  },
  "relatedArtifact": [
    {
      "type": "depends-on",
      "resource": "Library/FHIRHelpers-4.0.0"
    },
    {
      "type": "depends-on",
      "resource": "Library/CDS_Connect_Commons_for_FHIRv400"
    },
    {
      "type": "depends-on",
      "resource": "Library/DTRHelpers"
    }
  ],
  "dataRequirement": [
    {
      "type": "Condition",
      "codeFilter": [
        {
          "path": "code",
          "valueSet": "http://cts.nlm.nih.gov/fhir/ValueSet/2.16.840.1.113762.1.4.1219.106"
        }
      ]
    },
    {
      "type": "Observation",
      "codeFilter": [
        {
          "path": "code",
          "valueSet": "http://cts.nlm.nih.gov/fhir/ValueSet/2.16.840.1.113762.1.4.1219.107"
        }
      ]
    },
    {
      "type": "Condition",
      "codeFilter": [
        {
          "path": "code",
          "valueSet": "http://cts.nlm.nih.gov/fhir/ValueSet/2.16.840.1.113762.1.4.1219.122"
        }
      ]
    },
    {
      "type": "DeviceRequest",
      "codeFilter": [
        {
          "path": "code",
          "valueSet": "http://cts.nlm.nih.gov/fhir/ValueSet/2.16.840.1.113762.1.4.1219.129"
        }
      ]
    },
    {
      "type": "Encounter"
    }
  ],
  "content": [
    {
      "contentType": "application/elm+json",
      "url": "files/RespiratoryAssistDevices/r4/RespiratoryAssistDevicesPrepopulation-0.1.0.cql"
    }
  ]
}