{
  "resourceType": "Questionnaire",
  "id": "RespiratoryAssistDevices",
  "name": "RespiratoryAssistDevices",
  "meta": {
    "profile": [
      "http://hl7.org/fhir/StructureDefinition/cqf-questionnaire",
      "http://hl7.org/fhir/us/davinci-dtr/StructureDefinition/dtr-questionnaire-r4"
    ]
  },
  "title": "Respiratory Assist Device Questionnaire",
  "status": "draft",
  "subjectType": [
    "Patient"
  ],
  "date": "2020-04-02",
  "publisher": "Da Vinci DTR",
  "extension": [
    {
      "url": "http://hl7.org/fhir/StructureDefinition/cqf-library",
      "valueCanonical": "http://hl7.org/fhir/us/davinci-dtr/Library/RespiratoryAssistDevices-prepopulation"
    }
  ],
  "item": [
    {
      "linkId": "1",
      "extension": [
        {
          "url": "http://hl7.org/fhir/StructureDefinition/sub-questionnaire",
          "valueCanonical": "questionnaire/patient-info"
        }
      ],
      "type": "display",
      "text": "This is a placeholder for Patient/Beneficiary Demographics"
    },
    {
      "linkId": "2",
      "extension": [
        {
          "url": "http://hl7.org/fhir/StructureDefinition/sub-questionnaire",
          "valueCanonical": "questionnaire/practitioner-info"
        }
      ],
      "type": "display",
      "text": "This is a placeholder for Physician/NPP Demographics"
    },
    {
      "linkId": "3",
      "text": "Respiratory Assist Device Diagnoses",
      "type": "group",
      "item": [
        {
          "linkId": "3.1",
          "type": "open-choice",
          "text": "Patient diagnoses for order",
          "required": false,
          "repeats": true,
          "extension": [
            {
              "url": "http://hl7.org/fhir/uv/sdc/StructureDefinition/sdc-questionnaire-initialExpression",
              "valueExpression": {
                "language": "text/cql",
                "expression": "\"RespiratoryAssistDevicesPrepopulation\".RADCodings"
              }
            }
          ]
        },
        {
          "linkId": "3.2",
          "text": "Other Diagnoses:",
          "type": "open-choice",
          "extension": [
            {
              "url": "http://hl7.org/fhir/uv/sdc/StructureDefinition/sdc-questionnaire-initialExpression",
              "valueExpression": {
                "language": "text/cql",
                "expression": "\"RespiratoryAssistDevicesPrepopulation\".OtherDiagnosesCodings"
              }
            }
          ],
          "repeats": true,
          "answerOption": []
        }
      ]
    },
    {
      "linkId": "4",
      "text": "RAD for OSA Order Information",
      "type": "group",
      "item": [
        {
          "linkId": "4.1",
          "text": "Start date if different from order date",
          "type": "date",
          "required": false
        },
        {
          "linkId": "4.2",
          "type": "open-choice",
          "text": "Type of Device Order",
          "required": true,
          "answerValueSet": "http://hl7.org/fhir/ValueSet/request-intent"
        },
        {
          "linkId": "4.3",
          "type": "open-choice",
          "text": "Type of Supply Order",
          "required": true,
          "answerValueSet": "http://hl7.org/fhir/ValueSet/request-intent"
        },
        {
          "linkId": "4.4",
          "text": "If Other, describe",
          "type": "string",
          "required": true,
          "enableWhen": [
            {
              "question": "4.3",
              "operator": "=",
              "answerCoding": {
                "code": "Other"
              }
            }
          ]
        },
        {
          "linkId": "4.5",
          "text": "Device Order (description of device)",
          "type": "string",
          "required": true
        },
        {
          "linkId": "4.6",
          "text": "Specific Device",
          "type": "group",
          "item": [
            {
              "linkId": "4.6.1",
              "text": "Specify",
              "type": "choice",
              "extension": [
                {
                  "url": "http://hl7.org/fhir/uv/sdc/StructureDefinition/sdc-questionnaire-initialExpression",
                  "valueExpression": {
                    "language": "text/cql",
                    "expression": "\"RespiratoryAssistDevicesPrepopulation\".RadDeviceRequested"
                  }
                }
              ],
              "answerOption": [
                {
                  "valueCoding": {
                    "code": "E0470",
                    "display": "E0470 - Respiratory assist device, bi-level without backup rate"
                  }
                },
                {
                  "valueCoding": {
                    "code": "E0471",
                    "display": "E0471 - Respiratory assist device, bi-level with backup rate (not covered for OSA)"
                  }
                }
              ]
            },
            {
              "linkId": "4.6.2",
              "text": "Note:  RAD (E0470 and E0471) require Written Order Prior to Delivery and F2F Evaluation",
              "type": "display"
            },
            {
              "linkId": "4.6.3",
              "text": "Note:  E0471 is not covered for OSA",
              "type": "display",
              "enableWhen": [
                {
                  "question": "4.6.1",
                  "operator": "=",
                  "answerCoding": {
                    "code": "E0471"
                  }
                }
              ]
            }
          ]
        },
        {
          "linkId": "4.7",
          "text": "Supply",
          "type": "group",
          "repeats": true,
          "extension": [
            {
              "url": "http://hl7.org/fhir/StructureDefinition/questionnaire-itemControl",
              "valueCodeableConcept": {
                "coding": [
                  {
                    "system": "http://hl7.org/fhir/questionnaire-item-control",
                    "code": "gtable"
                  }
                ]
              }
            }
          ],
          "item": [
            {
              "linkId": "4.7.1",
              "type": "choice",
              "text": "Order",
              "answerValueSet": "http://cts.nlm.nih.gov/fhir/ValueSet/2.16.840.1.113762.1.4.1219.129"
            },
            {
              "linkId": "4.7.2",
              "text": "Item Description",
              "type": "string"
            },
            {
              "linkId": "4.7.3",
              "text": "Frequency",
              "type": "string"
            },
            {
              "linkId": "4.7.4",
              "text": "Duration",
              "type": "string"
            },
            {
              "linkId": "4.7.5",
              "text": "Quantity",
              "type": "string"
            },
            {
              "linkId": "4.7.6",
              "text": "Refills",
              "type": "string"
            }
          ]
        }
      ]
    },
    {
      "linkId": "5",
      "extension": [
        {
          "url": "http://hl7.org/fhir/StructureDefinition/sub-questionnaire",
          "valueCanonical": "questionnaire/provider-signature"
        }
      ],
      "type": "display",
      "text": "This is a placeholder for Provider Signature"
    }
  ]
}