{
  "resourceType": "Questionnaire",
  "id": "NonEmergencyAmbulanceTransportationProgressNote",
  "name": "NonEmergencyAmbulanceTransportationProgressNote",
  "extension": [
    {
      "url": "http://hl7.org/fhir/StructureDefinition/cqf-library",
      "valueCanonical": "http://hl7.org/fhir/us/davinci-dtr/Library/NonEmergencyAmbulanceTransportation-prepopulation"
    },
    {
      "url": "http://hl7.org/fhir/StructureDefinition/cqf-library",
      "valueCanonical": "http://hl7.org/fhir/us/davinci-dtr/Library/BasicClinicalInfo-prepopulation"
    }
  ],
  "meta": {
    "profile": [
      "http://hl7.org/fhir/StructureDefinition/cqf-questionnaire",
      "http://hl7.org/fhir/us/davinci-dtr/StructureDefinition/dtr-questionnaire-r4"
    ]
  },
  "title": "Non Emergency Ambulance Transportation Progress Note",
  "status": "draft",
  "date": "2020-07-19",
  "publisher": "Da Vinci DTR",
  "subjectType": [
    "Patient"
  ],
  "item": [
    {
      "linkId": "1",
      "extension": [
        {
          "url": "http://hl7.org/fhir/StructureDefinition/sub-questionnaire",
          "valueCanonical": "questionnaire/patient-info"
        }
      ],
      "type": "display",
      "text": "This is a placeholder for Patient/Beneficiary Demographics"
    },
    {
      "linkId": "2",
      "extension": [
        {
          "url": "http://hl7.org/fhir/StructureDefinition/sub-questionnaire",
          "valueCanonical": "questionnaire/practitioner-info"
        }
      ],
      "type": "display",
      "text": "This is a placeholder for Physician/NPP Demographics"
    },
    {
      "extension": [
        {
          "url": "http://hl7.org/fhir/StructureDefinition/sub-questionnaire",
          "valueCanonical": "questionnaire/encounter"
        }
      ],
      "linkId": "3",
      "type": "display",
      "text": "This is a placeholder for Encounter"
    },
    {
      "linkId": "4",
      "text": "Diagnoses",
      "type": "group",
      "item": [
        {
          "linkId": "4.1",
          "extension": [
            {
              "url": "http://hl7.org/fhir/uv/sdc/StructureDefinition/sdc-questionnaire-initialExpression",
              "valueExpression": {
                "language": "text/cql",
                "expression": "\"NonEmergencyAmbulanceTransportationPrepopulation\".AllDiagnoses"
              }
            }
          ],
          "text": "Relevant Diagnoses",
          "type": "open-choice",
          "required": true,
          "repeats": true,
          "answerOption": []
        },
        {
          "linkId": "4.2",
          "extension": [
            {
              "url": "http://hl7.org/fhir/uv/sdc/StructureDefinition/sdc-questionnaire-initialExpression",
              "valueExpression": {
                "language": "text/cql",
                "expression": "\"NonEmergencyAmbulanceTransportationPrepopulation\".AllDiagnoses"
              }
            }
          ],
          "text": "Other Diagnoses",
          "type": "open-choice",
          "repeats": true,
          "answerOption": []
        }
      ]
    },
    {
      "linkId": "5",
      "extension": [
        {
          "url": "http://hl7.org/fhir/StructureDefinition/sub-questionnaire",
          "valueCanonical": "questionnaire/subjective"
        }
      ],
      "type": "display",
      "text": "This is a placeholder for Subjective"
    },
    {
      "linkId": "6",
      "extension": [
        {
          "url": "http://hl7.org/fhir/StructureDefinition/sub-questionnaire",
          "valueCanonical": "questionnaire/review-of-system"
        }
      ],
      "type": "display",
      "text": "This is a placeholder for Review Of Systems"
    },
    {
      "linkId": "7",
      "extension": [
        {
          "url": "http://hl7.org/fhir/StructureDefinition/sub-questionnaire",
          "valueCanonical": "questionnaire/physical-exam"
        }
      ],
      "type": "display",
      "text": "This is a placeholder for Physical Examination"
    },
    {
      "linkId": "8",
      "text": "Reasons that non-emergency ambulance transport is required",
      "type": "group",
      "item": [
        {
          "linkId": "8.1",
          "extension": [
            {
              "url": "http://hl7.org/fhir/uv/sdc/StructureDefinition/sdc-questionnaire-initialExpression",
              "valueExpression": {
                "language": "text/cql",
                "expression": "\"NonEmergencyAmbulanceTransportationPrepopulation\".RelevantDiagnoses"
              }
            }
          ],
          "text": "List reasons:",
          "type": "open-choice",
          "required": false,
          "repeats": true,
          "answerOption": []
        },
        {
          "linkId": "8.2",
          "extension": [
              {
                  "url": "http://hl7.org/fhir/uv/sdc/StructureDefinition/sdc-questionnaire-initialExpression",
                  "valueExpression": {
                  "language": "text/cql",
                  "expression": "\"BasicClinicalInfoPrepopulation\".AnswerNo"
                  }
              },
              {
                  "url": "http://hl7.org/fhir/StructureDefinition/questionnaire-itemControl",
                  "valueCodeableConcept": {
                      "coding": [
                          {
                          "code": "radio-button",
                          "system": "http://hl7.org/fhir/questionnaire-item-control"
                          }
                      ]
                  }
              }
          ],
          "text": "Is an attendant required during transport?",
          "type": "choice",
          "answerValueSet": "http://terminology.hl7.org/ValueSet/v2-0136",
          "required": false,
          "item": [
              {
                  "linkId": "8.2.1",
                  "text": "List reasons for required attendant:",
                  "type": "open-choice",
                  "required": true,
                  "repeats": true,
                  "answerOption": [
                    {
                      "valueCoding": {
                        "code": "Morbid obesity requires additional personnel/equipment to handle"
                      }
                    },
                    {
                      "valueCoding": {
                        "code": "Third party attendant required to regulate or adjust oxygen en route"
                      }
                    },
                    {
                      "valueCoding": {
                        "code": "Special handling en route – isolation"
                      }
                    },
                    {
                      "valueCoding": {
                        "code": "IV medications/fluids required during transport"
                      }
                    },
                    {
                      "valueCoding": {
                        "code": "Restraints (physical or chemical) anticipated or used during transport"
                      }
                    }
                  ],
                  "enableWhen": [
                  {
                      "question": "8.2",
                      "operator": "=",
                      "answerCoding": {
                      "code": "Y",
                      "system": "http://terminology.hl7.org/CodeSystem/v2-0136"
                      }
                  }
                ]
              }
            ]
          },
          {
            "linkId": "8.3",
            "extension": [
                {
                    "url": "http://hl7.org/fhir/uv/sdc/StructureDefinition/sdc-questionnaire-initialExpression",
                    "valueExpression": {
                    "language": "text/cql",
                    "expression": "\"BasicClinicalInfoPrepopulation\".AnswerNo"
                    }
                },
                {
                    "url": "http://hl7.org/fhir/StructureDefinition/questionnaire-itemControl",
                    "valueCodeableConcept": {
                        "coding": [
                            {
                            "code": "radio-button",
                            "system": "http://hl7.org/fhir/questionnaire-item-control"
                            }
                        ]
                    }
                }
            ],
            "text": "Are there services that cannot be provided in the patient’s current setting?",
            "type": "choice",
            "answerValueSet": "http://terminology.hl7.org/ValueSet/v2-0136",
            "required": false,
            "item": [
              {
                  "linkId": "8.3.1",
                  "text": "List services:",
                  "type": "open-choice",
                  "required": true,
                  "repeats": true,
                  "answerValueSet": "http://cts.nlm.nih.gov/fhir/ValueSet/2.16.840.1.113762.1.4.1219.194",
                  "enableWhen": [
                  {
                      "question": "8.3",
                      "operator": "=",
                      "answerCoding": {
                      "code": "Y",
                      "system": "http://terminology.hl7.org/CodeSystem/v2-0136"
                      }
                  }
                ]
              }
            ]
          }
      ]
    },
    {
      "linkId": "9",
      "extension": [
        {
          "url": "http://hl7.org/fhir/StructureDefinition/sub-questionnaire",
          "valueCanonical": "questionnaire/assessment-and-plan"
        }
      ],
      "type": "display",
      "text": "This is a placeholder for Assessment and Plan"
    },
    {
      "linkId": "10",
      "extension": [
        {
          "url": "http://hl7.org/fhir/StructureDefinition/sub-questionnaire",
          "valueCanonical": "questionnaire/provider-signature"
        }
      ],
      "type": "display",
      "text": "This is a placeholder for Provider Signature"
    }
  ]
}