{
  "topic": "UrologicalSupplies",
  "payers": ["cms"],
  "mappings": [
    {
      "codeSystem": "hcpcs",
      "codes": [
        "A4217", "A4310", "A4311", "A4312", "A4313", "A4314", "A4315", "A4316", "A4320", "A4321", 
        "A4322", "A4326", "A4327", "A4328", "A4331", "A4332", "A4333", "A4334", "A4335", "A4336", 
        "A4338", "A4340", "A4344", "A4346", "A4349", "A4351", "A4352", "A4353", "A4354", "A4355",
        "A4356", "A4357", "A4358", "A4360", "A4402", "A4450", "A4452", "A4455", "A4456", "A4520",
        "A4553", "A4554", "A5102", "A5105", "A5112", "A5113", "A5114", "A5131", "A5290", "A9270"
      ]
    }
  ],
  "fhirVersions": ["R4"]
}
