{
  "resourceType": "Questionnaire",
  "id": "HomeHealthServices",
  "name": "HomeHealthServices",
  "meta": {
    "profile": [
      "http://hl7.org/fhir/StructureDefinition/cqf-questionnaire",
      "http://hl7.org/fhir/us/davinci-dtr/StructureDefinition/dtr-questionnaire-r4"
    ]
  },
  "title": "Home Health Services",
  "status": "draft",
  "date": "2020-08-11",
  "publisher": "Da Vinci DTR",
  "subjectType": ["Patient"],
  "extension": [
    {
      "url": "http://hl7.org/fhir/StructureDefinition/cqf-library",
      "valueCanonical": "http://hl7.org/fhir/us/davinci-dtr/Library/HomeHealthServices-prepopulation"
    },
    {
      "url": "http://hl7.org/fhir/StructureDefinition/cqf-library",
      "valueCanonical": "http://hl7.org/fhir/us/davinci-dtr/Library/BasicPatientInfo-prepopulation"
    },
    {
      "url": "http://hl7.org/fhir/StructureDefinition/cqf-library",
      "valueCanonical": "http://hl7.org/fhir/us/davinci-dtr/Library/BasicPractitionerInfo-prepopulation"
    }
  ],
  "item": [
    {
      "linkId": "1",
      "type": "group",
      "text": "Patient Information",
      "item": [
        {
          "linkId": "1.1",
          "extension": [
            {
              "url": "http://hl7.org/fhir/StructureDefinition/sub-questionnaire",
              "valueCanonical": "questionnaire/patient-info"
            },
            {
              "url": "http://hl7.org/fhir/StructureDefinition/sub-questionnaire-expand",
              "valueBoolean": true
            }
          ],
          "type": "display",
          "text": "This is a placeholder for Patient"
        },
        {
          "linkId": "1.2",
          "text": "Address",
          "type": "string",
          "required": false,
          "extension": [
            {
              "url": "http://hl7.org/fhir/uv/sdc/StructureDefinition/sdc-questionnaire-initialExpression",
              "valueExpression": {
                "language": "text/cql",
                "expression": "\"BasicPatientInfoPrepopulation\".Line"
              }
            }
          ]
        },
        {
          "linkId": "1.3",
          "text": "City",
          "type": "string",
          "required": false,
          "extension": [
            {
              "url": "http://hl7.org/fhir/uv/sdc/StructureDefinition/sdc-questionnaire-initialExpression",
              "valueExpression": {
                "language": "text/cql",
                "expression": "\"BasicPatientInfoPrepopulation\".City"
              }
            }
          ]
        },
        {
          "linkId": "1.4",
          "text": "State",
          "type": "string",
          "required": false,
          "extension": [
            {
              "url": "http://hl7.org/fhir/uv/sdc/StructureDefinition/sdc-questionnaire-initialExpression",
              "valueExpression": {
                "language": "text/cql",
                "expression": "\"BasicPatientInfoPrepopulation\".State"
              }
            }
          ]
        },
        {
          "linkId": "1.5",
          "text": "Zip",
          "type": "string",
          "required": false,
          "extension": [
            {
              "url": "http://hl7.org/fhir/uv/sdc/StructureDefinition/sdc-questionnaire-initialExpression",
              "valueExpression": {
                "language": "text/cql",
                "expression": "\"BasicPatientInfoPrepopulation\".Zip"
              }
            }
          ]
        },
        {
          "linkId": "1.6",
          "text": "Telephone",
          "type": "string",
          "required": false,
          "extension": [
            {
              "url": "http://hl7.org/fhir/uv/sdc/StructureDefinition/sdc-questionnaire-initialExpression",
              "valueExpression": {
                "language": "text/cql",
                "expression": "\"BasicPatientInfoPrepopulation\".Phone"
              }
            }
          ]
        }
      ]
    },
    {
      "linkId": "2",
      "extension": [
        {
          "url": "http://hl7.org/fhir/StructureDefinition/sub-questionnaire",
          "valueCanonical": "questionnaire/practitioner-info"
        }
      ],
      "type": "display"
    },
    {
      "linkId": "3",
      "text": "Diagnoses",
      "type": "group",
      "item": [
        {
          "linkId": "3.1",
          "text": "Relevant Diagnoses",
          "type": "open-choice",
          "required": true,
          "repeats": true,
          "extension": [
            {
              "url": "http://hl7.org/fhir/uv/sdc/StructureDefinition/sdc-questionnaire-initialExpression",
              "valueExpression": {
                "language": "text/cql",
                "expression": "\"HomeHealthServicesPrepopulation\".PatientDiagnoses"
              }
            }
          ]
        },
        {
          "linkId": "3.2",
          "text": "Other Diagnoses",
          "type": "open-choice",
          "required": true,
          "repeats": true,
          "extension": [
            {
              "url": "http://hl7.org/fhir/uv/sdc/StructureDefinition/sdc-questionnaire-initialExpression",
              "valueExpression": {
                "language": "text/cql",
                "expression": "\"HomeHealthServicesPrepopulation\".PatientDiagnoses"
              }
            }
          ]
        }
      ]
    },
    {
      "linkId": "4",
      "text": "Orders for Discipline and Treatments",
      "type": "group",
      "repeats": true,
      "extension": [
        {
          "url": "http://hl7.org/fhir/StructureDefinition/questionnaire-itemControl",
          "valueCodeableConcept": {
            "coding": [
              {
                "system": "http://hl7.org/fhir/questionnaire-item-control",
                "code": "gtable"
              }
            ]
          }
        }
      ],
      "item": [
        {
          "linkId": "4.1",
          "text": "Intermittent Home Health Procedures Skilled Nursing",
          "type": "open-choice",
          "required": true,
          "answerValueSet": "http://cts.nlm.nih.gov/fhir/ValueSet/2.16.840.1.113762.1.4.1219.105",
          "extension": [
            {}
          ]
        },
        {
          "linkId": "4.2",
          "text": "Frequency",
          "type": "choice",
          "required": false,
          "answerValueSet": "http://hl7.org/fhir/ValueSet/timing-abbreviation",
          "extension": [
            {}
          ]
        },
        {
          "linkId": "4.3",
          "text": "Duration",
          "type": "string",
          "required": false,
          "extension": [
            {}
          ]
        }
      ]
    },
    {
      "linkId": "5",
      "text": "Justification and signature if the patient’s sole skilled service need is for skilled oversight of unskilled services (management and evaluation of the care plan or complex care plan management):",
      "type": "group",
      "item": [
        {
          "linkId": "5.1",
          "text": "Justification",
          "type": "text",
          "required": false
        },
        {
          "linkId": "5.2",
          "text": "Signature",
          "type": "string",
          "required": true
        }
      ]
    },
    {
      "linkId": "6",
      "text": "Physical Therapy Services",
      "type": "group",
      "repeats": true,
      "extension": [
        {
          "url": "http://hl7.org/fhir/StructureDefinition/questionnaire-itemControl",
          "valueCodeableConcept": {
            "coding": [
              {
                "system": "http://hl7.org/fhir/questionnaire-item-control",
                "code": "gtable"
              }
            ]
          }
        }
      ],
      "item": [
        {
          "linkId": "6.1",
          "text": "Service Name",
          "type": "open-choice",
          "required": true,
          "answerValueSet": "http://cts.nlm.nih.gov/fhir/ValueSet/2.16.840.1.113762.1.4.1219.99",
          "extension": [
            {}
          ]
        },
        {
          "linkId": "6.2",
          "text": "Frequency",
          "type": "choice",
          "required": false,
          "answerValueSet": "http://hl7.org/fhir/ValueSet/timing-abbreviation",
          "extension": [
            {}
          ]
        },
        {
          "linkId": "6.3",
          "text": "Duration",
          "type": "string",
          "required": false,
          "extension": [
            {}
          ]
        }
      ]
    },
    {
      "linkId": "7",
      "text": "Occupational Therapy Services",
      "type": "group",
      "repeats": true,
      "extension": [
        {
          "url": "http://hl7.org/fhir/StructureDefinition/questionnaire-itemControl",
          "valueCodeableConcept": {
            "coding": [
              {
                "system": "http://hl7.org/fhir/questionnaire-item-control",
                "code": "gtable"
              }
            ]
          }
        }
      ],
      "item": [
        {
          "linkId": "7.1",
          "text": "Service Name",
          "type": "open-choice",
          "required": true,
          "answerValueSet": "http://cts.nlm.nih.gov/fhir/ValueSet/2.16.840.1.113762.1.4.1219.101",
          "extension": [
            {}
          ]
        },
        {
          "linkId": "7.2",
          "text": "Frequency",
          "type": "choice",
          "required": false,
          "answerValueSet": "http://hl7.org/fhir/ValueSet/timing-abbreviation",
          "extension": [
            {}
          ]
        },
        {
          "linkId": "7.3",
          "text": "Duration",
          "type": "string",
          "required": false,
          "extension": [
            {}
          ]
        }
      ]
    },
    {
      "linkId": "8",
      "text": "Speech-language Pathology Services",
      "type": "group",
      "repeats": true,
      "extension": [
        {
          "url": "http://hl7.org/fhir/StructureDefinition/questionnaire-itemControl",
          "valueCodeableConcept": {
            "coding": [
              {
                "system": "http://hl7.org/fhir/questionnaire-item-control",
                "code": "gtable"
              }
            ]
          }
        }
      ],
      "item": [
        {
          "linkId": "8.1",
          "text": "Service Name",
          "type": "open-choice",
          "required": true,
          "answerValueSet": "http://cts.nlm.nih.gov/fhir/ValueSet/2.16.840.1.113762.1.4.1219.103",
          "extension": [
            {}
          ]
        },
        {
          "linkId": "8.2",
          "text": "Frequency",
          "type": "choice",
          "required": false,
          "answerValueSet": "http://hl7.org/fhir/ValueSet/timing-abbreviation",
          "extension": [
            {}
          ]
        },
        {
          "linkId": "8.3",
          "text": "Duration",
          "type": "string",
          "required": false,
          "extension": [
            {}
          ]
        }
      ]
    },
    {
      "linkId": "9",
      "text": "Other Services",
      "type": "group",
      "repeats": true,
      "extension": [
        {
          "url": "http://hl7.org/fhir/StructureDefinition/questionnaire-itemControl",
          "valueCodeableConcept": {
            "coding": [
              {
                "system": "http://hl7.org/fhir/questionnaire-item-control",
                "code": "gtable"
              }
            ]
          }
        }
      ],
      "item": [
        {
          "linkId": "9.1",
          "text": "Service Name",
          "type": "open-choice",
          "required": true,
          "answerValueSet": "http://cts.nlm.nih.gov/fhir/ValueSet/2.16.840.1.113762.1.4.1219.104",
          "extension": [
            {}
          ]
        },
        {
          "linkId": "9.2",
          "text": "Frequency",
          "type": "choice",
          "required": false,
          "answerValueSet": "http://hl7.org/fhir/ValueSet/timing-abbreviation",
          "extension": [
            {}
          ]
        },
        {
          "linkId": "9.3",
          "text": "Duration",
          "type": "string",
          "required": false,
          "extension": [
            {}
          ]
        }
      ]
    },
    {
      "linkId": "10",
      "type": "group",
      "text": "Signature, name, signature date, NPI, address, and telephone number of ordering physician",
      "item": [
        {
          "linkId": "10.1",
          "extension": [
            {
              "url": "http://hl7.org/fhir/StructureDefinition/sub-questionnaire",
              "valueCanonical": "questionnaire/provider-signature"
            },
            {
              "url": "http://hl7.org/fhir/StructureDefinition/sub-questionnaire-expand",
              "valueBoolean": true
            }
          ],
          "type": "display",
          "text": "This is a placeholder for Provider Signature"
        },
        {
          "linkId": "10.2",
          "text": "Telephone",
          "type": "string",
          "required": true,
          "extension": [
            {
              "url": "http://hl7.org/fhir/uv/sdc/StructureDefinition/sdc-questionnaire-initialExpression",
              "valueExpression": {
                "language": "text/cql",
                "expression": "\"BasicPractitionerInfoPrepopulation\".Phone"
              }
            }
          ]
        }
      ]
    }
  ]
}
