{
    "resourceType": "Library",
    "id": "ImmunosuppressiveDrugs-prepopulation",
    "url": "http://hl7.org/fhir/us/davinci-dtr/Library/ImmunosuppressiveDrugs-prepopulation",
    "name": "ImmunosuppressiveDrugss-prepopulation",
    "version": "0.1.0",
    "title": "ImmunosuppressiveDrugs Prepopulation",
    "status": "draft",
    "type": {
        "coding": [
            {
                "code": "logic-library"
            }
        ]
    },
    "relatedArtifact": [
        {
            "type": "depends-on",
            "resource": "Library/FHIRHelpers-4.0.0"
        },
        {
          "type": "depends-on",
          "resource": "Library/CDS_Connect_Commons_for_FHIRv400"
        },
        {
          "type": "depends-on",
          "resource": "Library/DTRHelpers"
        }
    ],
    "dataRequirement": [
        {
            "type": "Condition",
            "codeFilter": [
                {
                    "path": "code",
                    "valueSet": "http://cts.nlm.nih.gov/fhir/ValueSet/2.16.840.1.113762.1.4.1219.81"
                }
            ]
        },
        {
            "type": "Procedure",
            "codeFilter": [
                {
                    "path": "code",
                    "valueSet": "http://cts.nlm.nih.gov/fhir/ValueSet/2.16.840.1.113762.1.4.1219.90"
                }
            ]
        },
        {
            "type": "MedicationRequest",
            "codeFilter": [
                {
                    "path": "code",
                    "valueSet": "http://cts.nlm.nih.gov/fhir/ValueSet/2.16.840.1.113762.1.4.1219.192"
                }
            ]
        },
        {
            "type": "MedicationRequest",
            "codeFilter": [
                {
                    "path": "code",
                    "valueSet": "http://cts.nlm.nih.gov/fhir/ValueSet/2.16.840.1.113762.1.4.1219.193"
                }
            ]
        }
    ],
    "content": [
        {
            "contentType": "application/elm+json",
            "url": "files/ImmunosuppressiveDrugs/r4/ImmunosuppressiveDrugsPrepopulation-0.1.0.cql"
        }
    ]
}