{
  "resourceType": "Questionnaire",
  "id": "ImmunosuppressiveDrugs",
  "name": "ImmunosuppressiveDrugs",
  "title": "Immunosuppressive Drugs",
  "status": "draft",
  "subjectType": [
    "Patient"
  ],
  "date": "2020-05-20",
  "publisher": "Da Vinci DTR",
  "extension": [
    {
      "url": "http://hl7.org/fhir/StructureDefinition/cqf-library",
      "valueCanonical": "http://hl7.org/fhir/us/davinci-dtr/Library/ImmunosuppressiveDrugs-prepopulation"
    }
  ],
  "item": [
    {
      "linkId": "1",
      "extension": [
        {
          "url": "http://hl7.org/fhir/StructureDefinition/sub-questionnaire",
          "valueCanonical": "questionnaire/patient-info"
        }
      ],
      "type": "display"
    },
    {
      "linkId": "2",
      "text": "Qualifying Transplants",
      "type": "open-choice",
      "repeats": true,
      "answerOption": [],
      "extension": [
        {
          "url": "http://hl7.org/fhir/uv/sdc/StructureDefinition/sdc-questionnaire-initialExpression",
          "valueExpression": {
            "language": "text/cql",
            "expression": "\"ImmunosuppressiveDrugsPrepopulation\".QualifyingTransplantCodings"
          }
        }
      ]
    },
    {
      "linkId": "3",
      "text": "Date of transplant",
      "type": "date",
      "extension": [
        {
          "url": "http://hl7.org/fhir/uv/sdc/StructureDefinition/sdc-questionnaire-initialExpression",
          "valueExpression": {
            "language": "text/cql",
            "expression": "\"ImmunosuppressiveDrugsPrepopulation\".TransplantDate"
          }
        }
      ]
    },
    {
      "linkId": "4",
      "text": "Type of order",
      "type": "choice",
      "required": true,
      "answerValueSet": "http://hl7.org/fhir/ValueSet/medicationrequest-intent"
    },
    {
      "linkId": "5",
      "text": "Immunosuppressive drug(s) ordered and dispensed",
      "type": "group",
      "required": true,
      "item": [
        {
          "linkId": "5.1",
          "type": "text",
          "text": "RxNorm Code",
          "required": true,
          "extension": [
            {
              "url": "http://hl7.org/fhir/uv/sdc/StructureDefinition/sdc-questionnaire-initialExpression",
              "valueExpression": {
                "language": "text/cql",
                "expression": "\"ImmunosuppressiveDrugsPrepopulation\".MedicationCode"
              }
            }
          ]
        },
        {
          "linkId": "5.2",
          "type": "text",
          "text": "Drug",
          "required": true,
          "extension": [
            {
              "url": "http://hl7.org/fhir/uv/sdc/StructureDefinition/sdc-questionnaire-initialExpression",
              "valueExpression": {
                "language": "text/cql",
                "expression": "\"ImmunosuppressiveDrugsPrepopulation\".MedicationName"
              }
            }
          ]
        },
        {
          "linkId": "5.3",
          "type": "text",
          "text": "Route",
          "required": true,
          "extension": [
            {
              "url": "http://hl7.org/fhir/uv/sdc/StructureDefinition/sdc-questionnaire-initialExpression",
              "valueExpression": {
                "language": "text/cql",
                "expression": "\"ImmunosuppressiveDrugsPrepopulation\".MedicationRoute"
              }
            }
          ]
        },
        {
          "linkId": "5.4",
          "type": "text",
          "text": "Dose",
          "required": true,
          "extension": [
            {
              "url": "http://hl7.org/fhir/uv/sdc/StructureDefinition/sdc-questionnaire-initialExpression",
              "valueExpression": {
                "language": "text/cql",
                "expression": "\"ImmunosuppressiveDrugsPrepopulation\".MedicationDoseWithUnit"
              }
            }
          ]
        },
        {
          "linkId": "5.5",
          "type": "text",
          "text": "Frequency",
          "required": true,
          "extension": [
            {
              "url": "http://hl7.org/fhir/uv/sdc/StructureDefinition/sdc-questionnaire-initialExpression",
              "valueExpression": {
                "language": "text/cql",
                "expression": "\"ImmunosuppressiveDrugsPrepopulation\".MedicationFrequency"
              }
            }
          ]
        },
        {
          "linkId": "5.6",
          "type": "integer",
          "text": "Quantity",
          "required": true,
          "extension": [
            {
              "url": "http://hl7.org/fhir/uv/sdc/StructureDefinition/sdc-questionnaire-initialExpression",
              "valueExpression": {
                "language": "text/cql",
                "expression": "\"ImmunosuppressiveDrugsPrepopulation\".MedicationQuantity"
              }
            }
          ]
        },
        {
          "linkId": "5.7",
          "text": "More details",
          "type": "group",
          "item": [
            {
              "linkId": "5.7.1",
              "type": "boolean",
              "readOnly": true,
              "text": "Is for Medication Request?",
              "extension": [
                {
                  "url": "http://hl7.org/fhir/uv/sdc/StructureDefinition/sdc-questionnaire-initialExpression",
                  "valueExpression": {
                    "language": "text/cql",
                    "expression": "\"ImmunosuppressiveDrugsPrepopulation\".IsMedicationRequest"
                  }
                }
              ]
            },
            {
              "linkId": "5.7.2",
              "type": "integer",
              "text": "Refill",
              "required": true,
              "extension": [
                {
                  "url": "http://hl7.org/fhir/uv/sdc/StructureDefinition/sdc-questionnaire-initialExpression",
                  "valueExpression": {
                    "language": "text/cql",
                    "expression": "\"ImmunosuppressiveDrugsPrepopulation\".MedicationRefill"
                  }
                }
              ],
              "enableWhen": [
                {
                  "question": "5.7.1",
                  "operator": "=",
                  "answerBoolean": true
                }
              ]
            },
            {
              "linkId": "5.7.3",
              "type": "date",
              "text": "Date the above drugs and supplies were dispensed to the patient",
              "enableWhen": [
                {
                  "question": "5.7.1",
                  "operator": "=",
                  "answerBoolean": false
                }
              ]
            },
            {
              "linkId": "5.7.4",
              "type": "text",
              "text": "NSC number",
              "enableWhen": [
                {
                  "question": "5.7.1",
                  "operator": "=",
                  "answerBoolean": false
                }
              ]
            },
            {
              "linkId": "5.7.5",
              "type": "text",
              "text": "State dispensing license number",
              "enableWhen": [
                {
                  "question": "5.7.1",
                  "operator": "=",
                  "answerBoolean": false
                }
              ]
            }
          ]
        }
      ]
    },
    {
      "linkId": "6",
      "extension": [
        {
          "url": "http://hl7.org/fhir/StructureDefinition/sub-questionnaire",
          "valueCanonical": "questionnaire/provider-signature"
        }
      ],
      "type": "display"
    }
  ]
}