{
  "resourceType": "Questionnaire",
  "extension": [
    {
      "url": "http://hl7.org/fhir/StructureDefinition/cqf-library",
      "valueCanonical": "http://hl7.org/fhir/us/davinci-dtr/Library/PositiveAirwayPressureDevices-prepopulation"
    }
  ],
  "id": "PositiveAirwayPressureDevicesFaceToFace",
  "name": "PositiveAirwayPressureDevicesFaceToFace",
  "title": "Positive Airway Pressure Questionnaire Face To Face Encounter",
  "status": "draft",
  "date": "2020-04-10",
  "publisher": "Da Vinci DTR",
  "meta": {
    "profile": [
      "http://hl7.org/fhir/StructureDefinition/cqf-questionnaire",
      "http://hl7.org/fhir/us/davinci-dtr/StructureDefinition/dtr-questionnaire-r4"
    ]
  },
  "subjectType": [
    "Patient"
  ],
  "item": [
    {
      "linkId": "1",
      "extension": [
        {
          "url": "http://hl7.org/fhir/StructureDefinition/sub-questionnaire",
          "valueCanonical": "questionnaire/patient-info"
        }
      ],
      "type": "display",
      "text": "This is a placeholder for Patient/Beneficiary Demographics"
    },
    {
      "linkId": "2",
      "extension": [
        {
          "url": "http://hl7.org/fhir/StructureDefinition/sub-questionnaire",
          "valueCanonical": "questionnaire/practitioner-info"
        }
      ],
      "type": "display",
      "text": "This is a placeholder for Physician/NPP Demographics"
    },
    {
      "linkId": "3",
      "extension": [
        {
          "url": "http://hl7.org/fhir/StructureDefinition/sub-questionnaire",
          "valueCanonical": "questionnaire/encounter-with-reevaluation"
        }
      ],
      "type": "display",
      "text": "This is a placeholder for Encounter with reevaluation"
    },
    {
      "linkId": "4",
      "text": "Patient diagnoses:",
      "type": "group",
      "required": true,
      "item": [
        {
          "extension": [
            {
              "url": "http://hl7.org/fhir/uv/sdc/StructureDefinition/sdc-questionnaire-initialExpression",
              "valueExpression": {
                "language": "text/cql",
                "expression": "\"PositiveAirwayPressureDevicePrepopulation\".RelevantDiagnoses"
              }
            }
          ],
          "linkId": "4.1",
          "type": "open-choice",
          "text": "Relevant Diagnoses",
          "answerOption": [],
          "repeats": "true",
          "required": true
        },
        {
          "linkId": "4.2",
          "text": "Other diagnoses",
          "extension": [
            {
              "url": "http://hl7.org/fhir/uv/sdc/StructureDefinition/sdc-questionnaire-initialExpression",
              "valueExpression": {
                "language": "text/cql",
                "expression": "\"PositiveAirwayPressureDevicePrepopulation\".OtherDiagnoses"
              }
            }
          ],
          "type": "open-choice",
          "answerOption": [],
          "repeats": "true"
        }
      ]
    },
    {
      "linkId": "5",
      "type": "group",
      "text": "Sleep study results",
      "required": true,
      "item": [
        {
          "linkId": "5.1",
          "text": "Apnea-Hypopnea Index (AHI) units of events per hour",
          "type": "integer",
          "extension": [
            {
              "url": "http://hl7.org/fhir/StructureDefinition/questionnaire-unit",
              "valueCoding": {
                "display": "/h"
              }
            },
            {
              "url": "http://hl7.org/fhir/uv/sdc/StructureDefinition/sdc-questionnaire-initialExpression",
              "valueExpression": {
                "language": "text/cql",
                "expression": "\"PositiveAirwayPressureDevicePrepopulation\".AHI"
              }
            }
          ]
        },
        {
          "linkId": "5.2",
          "text": "Respiratory Disturbance index (RDI) units of events per hour",
          "type": "integer",
          "required": true,
          "extension": [
            {
              "url": "http://hl7.org/fhir/StructureDefinition/questionnaire-unit",
              "valueCoding": {
                "display": "/h"
              }
            },
            {
              "url": "http://hl7.org/fhir/uv/sdc/StructureDefinition/sdc-questionnaire-initialExpression",
              "valueExpression": {
                "language": "text/cql",
                "expression": "\"PositiveAirwayPressureDevicePrepopulation\".RDI"
              }
            }
          ]
        },
        {
          "linkId": "5.3",
          "text": "Symptoms",
          "type": "open-choice",
          "repeats": true,
          "required": true,
          "answerOption": [
            {
              "valueCoding": {
                "display": "excessive daytime sleepiness"
              }
            },
            {
              "valueCoding": {
                "display": "impaired cognition"
              }
            },
            {
              "valueCoding": {
                "display": "mood disorder"
              }
            },
            {
              "valueCoding": {
                "display": "insomnia"
              }
            }
          ]
        },
        {
          "linkId": "5.4",
          "text": "History",
          "type": "open-choice",
          "repeats": true,
          "answerOption": [
            {
              "valueCoding": {
                "display": "hypertension"
              }
            },
            {
              "valueCoding": {
                "display": "ischemic heart disease"
              }
            },
            {
              "valueCoding": {
                "display": "stroke"
              }
            }
          ]
        }
      ]
    },
    {
      "linkId": "6",
      "text": "Re-evaluation for a bi-level pressure device E0470 (BiPAP without backup rate):",
      "type": "group",
      "required": true,
      "item": [
        {
          "linkId": "6.1",
          "text": "Was E0601 (CPAP) tried on therapeutic trial conducted in ",
          "type": "choice",
          "required": true,
          "answerOption": [
            {
              "valueCoding": {
                "display": "facility"
              }
            },
            {
              "valueCoding": {
                "display": "a home setting"
              }
            }
          ]
        },
        {
          "linkId": "6.2",
          "text": "Was E0601 (CPAP) not effective on therapeutic trial conducted above?",
          "type": "boolean",
          "required": true,
          "enableWhen": [
            {
              "question": "6.1",
              "operator": "=",
              "answerCoding": {
                "code": "a home setting"
              }
            },
            {
              "question": "6.1",
              "operator": "=",
              "answerCoding": {
                "code": "facility"
              }
            }
          ]
        },
        {
          "linkId": "6.3",
          "text": "E0601 patient is not tolerating the therapy at current settings and lower pressures settings were tried and failed to",
          "type": "choice",
          "required": true,
          "answerOption": [
            {
              "valueCoding": {
                "display": "adequately control the symptoms of OSA"
              }
            },
            {
              "valueCoding": {
                "display": "improve sleep quality"
              }
            },
            {
              "valueCoding": {
                "display": "reduce the AHI/RDI to acceptable levels"
              }
            }
          ]
        },
        {
          "linkId": "6.4",
          "text": "Have you reviewed and signed the written report of adherence data?",
          "type": "boolean",
          "required": true
        },
        {
          "linkId": "6.5",
          "text": "Did patient use PAP device>= 4 hours per night on 70% of nights during consecutive 30-day period during the first three months of initial use?",
          "type": "boolean",
          "required": true
        }
      ]
    },
    {
      "linkId": "7",
      "type": "group",
      "text": "Ability of being trained",
      "item": [
        {
          "linkId": "7.1",
          "text": "Is the patient capable of being trained to use the device in an appropriate manner?",
          "type": "boolean",
          "extension": [
            {
              "url": "http://hl7.org/fhir/uv/sdc/StructureDefinition/sdc-questionnaire-initialExpression",
              "valueExpression": {
                "language": "text/cql",
                "expression": "\"PositiveAirwayPressureDevicePrepopulation\".False"
              }
            }
          ]
        },
        {
          "linkId": "7.2",
          "text": "Is there a responsible care giver?",
          "type": "boolean",
          "enableWhen": [
            {
              "question": "7.1",
              "operator": "=",
              "answerBoolean": false
            }
          ]
        }
      ]
    },
    {
      "linkId": "8",
      "extension": [
        {
          "url": "http://hl7.org/fhir/StructureDefinition/sub-questionnaire",
          "valueCanonical": "questionnaire/subjective"
        }
      ],
      "type": "display",
      "text": "This is a placeholder for Subjective"
    },
    {
      "linkId": "9",
      "extension": [
        {
          "url": "http://hl7.org/fhir/StructureDefinition/sub-questionnaire",
          "valueCanonical": "questionnaire/review-of-system"
        }
      ],
      "type": "display",
      "text": "This is a placeholder for Review Of System"
    },
    {
      "linkId": "10",
      "type": "group",
      "text": "Physical Examination With Vital Signs",
      "item": [
        {
          "linkId": "10.1",
          "type": "group",
          "text": "Vital Sign",
          "item": [
            {
              "extension": [
                {
                  "url": "http://hl7.org/fhir/StructureDefinition/sub-questionnaire",
                  "valueCanonical": "questionnaire/vital-signs"
                },
                {
                  "url": "http://hl7.org/fhir/StructureDefinition/sub-questionnaire-expand",
                  "valueBoolean": true
                }
              ],
              "linkId": "10.1.1",
              "type": "display",
              "text": "This is a placeholder for Vital Signs"
            },
            {
              "linkId": "10.1.2",
              "text": "Neck circumference (cm)",
              "required": true,
              "extension": [
                {
                  "url": "http://hl7.org/fhir/StructureDefinition/questionnaire-unit",
                  "valueCoding": {
                    "display": "cm"
                  }
                }
              ],
              "type": "decimal"
            }
          ]
        },
        {
          "extension": [
            {
              "url": "http://hl7.org/fhir/StructureDefinition/sub-questionnaire",
              "valueCanonical": "questionnaire/physical-exam"
            }
          ],
          "linkId": "10.2",
          "type": "display",
          "text": "This is a placeholder for Physical Examination"
        }
      ]
    },
    {
      "linkId": "11",
      "extension": [
        {
          "url": "http://hl7.org/fhir/StructureDefinition/sub-questionnaire",
          "valueCanonical": "questionnaire/assessment-and-plan"
        }
      ],
      "type": "display",
      "text": "This is a placeholder for Assessment and Plan"
    },
    {
      "linkId": "12",
      "extension": [
        {
          "url": "http://hl7.org/fhir/StructureDefinition/sub-questionnaire",
          "valueCanonical": "questionnaire/provider-signature"
        }
      ],
      "type": "display",
      "text": "This is a placeholder for Provider Signature"
    }
  ]
}