{
    "resourceType": "Questionnaire",
    "id": "HomeOxygenTherapyAdditional",
    "name": "HomeOxygenTherapyAdditional",
    "url": "http://hl7.org/fhir/us/davinci-dtr/Library/HomeOxygenTherapyAdditional",
    "description": "Questions for Home Oxygen Therapy Order Reason",
    "meta": {
        "profile": [
            "http://hl7.org/fhir/StructureDefinition/cqf-questionnaire",
            "http://hl7.org/fhir/us/davinci-dtr/StructureDefinition/dtr-questionnaire-r4",
            "http://hl7.org/fhir/uv/sdc/StructureDefinition/sdc-questionnaire-adapt"
        ]
    },
    "title": "Home Oxygen Therapy Additional Adaptive Form Questionnaire",
    "status": "draft",
    "subjectType": [
        "Patient"
    ],
    "date": "2019-03-26",
    "publisher": "Da Vinci DTR",
    "extension": [
        {
            "url": "http://hl7.org/fhir/StructureDefinition/cqf-library",
            "valueCanonical": "http://hl7.org/fhir/us/davinci-dtr/Library/HomeOxygenTherapy-prepopulation"
        }
    ],
    "item": [
        {
            "linkId": "1",
            "text": "Order Reason",
            "type": "choice",
            "required": true,
            "answerOption": [
                {
                    "modifierExtension": [
                        {
                            "url": "1.1"
                        }
                    ],
                    "valueCoding": {
                        "code": "Initial or original order for certification"
                    }
                },
                {
                    "modifierExtension": [
                        {
                            "url": "1.2"
                        }
                    ],
                    "valueCoding": {
                        "code": "Change in status"
                    }
                },
                {
                    "modifierExtension": [
                        {
                            "url": "1.3"
                        }
                    ],
                    "valueCoding": {
                        "code": "Revision or change in equipment"
                    }
                },
                {
                    "modifierExtension": [
                        {
                            "url": "1.4"
                        }
                    ],
                    "valueCoding": {
                        "code": "Replacement"
                    }
                }
            ],
            "item": [
                {
                    "linkId": "SQ-1.a",
                    "text": "SQ-1.a: Relevant Patient Diagnoses (conditions that might be expected to improve with oxygen therapy)",
                    "type": "open-choice",
                    "required": true,
                    "repeats": true,
                    "extension": [
                        {
                            "url": "http://hl7.org/fhir/uv/sdc/StructureDefinition/sdc-questionnaire-initialExpression",
                            "valueExpression": {
                                "language": "text/cql",
                                "expression": "\"HomeOxygenTherapyPrepopulation\".RelevantDiagnoses"
                            }
                        }
                    ]
                },
                {
                    "linkId": "SQ-1.b",
                    "text": "SQ-1.b: Other Diagnoses",
                    "type": "open-choice",
                    "required": true,
                    "repeats": true,
                    "extension": [
                        {
                            "url": "http://hl7.org/fhir/uv/sdc/StructureDefinition/sdc-questionnaire-initialExpression",
                            "valueExpression": {
                                "language": "text/cql",
                                "expression": "\"HomeOxygenTherapyPrepopulation\".OtherDiagnoses"
                            }
                        }
                    ]
                },
                {
                    "linkId": "1.1",
                    "type": "display",
                    "text": "Submit the order form"
                },
                {
                    "linkId": "1.2",
                    "type": "display",
                    "text": "Submit the order form"
                },
                {
                    "linkId": "1.3",
                    "text": "Reason for Change in Status",
                    "type": "open-choice",
                    "required": true,
                    "repeats": true,
                    "answerOption": [
                        {
                            "valueCoding": {
                                "code": "New Physician order"
                            },
                            "modifierExtension": [
                                {
                                    "url": "1.3.1"
                                }
                            ]
                        },
                        {
                            "valueCoding": {
                                "code": "Beneficiary requested upgrade with signed ABN"
                            },
                            "modifierExtension": [
                                {
                                    "url": "1.3.2"
                                }
                            ]
                        }
                    ],
                    "item": [
                        {
                            "linkId": "1.3.1",
                            "type": "display",
                            "text": "Submit the order form"
                        },
                        {
                            "linkId": "1.3.2",
                            "type": "text",
                            "text": "More details"
                        }
                    ]
                },
                {
                    "linkId": "1.4",
                    "text": "Replacement Reason",
                    "type": "choice",
                    "required": true,
                    "answerOption": [
                        {
                            "valueCoding": {
                                "code": "Lost or stolen"
                            },
                            "modifierExtension": [
                                {
                                    "url": "1.4.1"
                                }
                            ]
                        },
                        {
                            "valueCoding": {
                                "code": "End of lifetime"
                            },
                            "modifierExtension": [
                                {
                                    "url": "1.4.2"
                                }
                            ]
                        },
                        {
                            "valueCoding": {
                                "code": "Repair exceeds 60% of cost"
                            },
                            "modifierExtension": [
                                {
                                    "url": "1.4.3"
                                }
                            ]
                        }
                    ],
                    "item": [
                        {
                            "linkId": "1.4.1",
                            "type": "display",
                            "text": "Your prior auth number is A1234 (lost/stolen response)"
                        },
                        {
                            "linkId": "1.4.3",
                            "text": "Your prior auth number is B1234 (repair cost response). How much will it cost?",
                            "type": "choice",
                            "required": true,
                            "answerOption": [
                                {
                                    "valueCoding": {
                                        "code": "Greater than $500"
                                    },
                                    "modifierExtension": [
                                        {
                                            "url": "1.4.3.1"
                                        }
                                    ]
                                },
                                {
                                    "valueCoding": {
                                        "code": "Less than $500"
                                    },
                                    "modifierExtension": [
                                        {
                                            "url": "1.4.3.2"
                                        }
                                    ]
                                }
                            ],
                            "item": [
                                {
                                    "linkId": "1.4.3.1",
                                    "type": "display",
                                    "text": "Your response indicated that it will cost more than $500.",
                                    "item": [
                                        {
                                            "linkId": "SQ-1.4.3.1.a",
                                            "text": "SQ-1.4.3.1.a: An additional test question that should be displayed with Question 1.4.3.1.",
                                            "type": "text",
                                            "required": true
                                        },
                                        {
                                            "linkId": "SQ-1.4.3.1.b",
                                            "text": "SQ-1.4.3.1.b: Another additional test question that should be displayed with Question 1.4.3.1.",
                                            "type": "text",
                                            "required": true
                                        }
                                    ]
                                },
                                {
                                    "linkId": "1.4.3.2",
                                    "type": "display",
                                    "text": "Your response indicated that it will cost less than $500.",
                                    "item": [
                                        {
                                            "linkId": "SQ-1.4.3.2.a",
                                            "text": "SQ-1.4.3.2.a: An additional test question that should be displayed with Question 1.4.3.2.",
                                            "type": "text",
                                            "required": true
                                        },
                                        {
                                            "linkId": "SQ-1.4.3.2.b",
                                            "text": "SQ-1.4.3.2.b: Relevant Patient Diagnoses (conditions that might be expected to improve with oxygen therapy)",
                                            "type": "open-choice",
                                            "required": true,
                                            "repeats": true,
                                            "extension": [
                                                {
                                                    "url": "http://hl7.org/fhir/uv/sdc/StructureDefinition/sdc-questionnaire-initialExpression",
                                                    "valueExpression": {
                                                        "language": "text/cql",
                                                        "expression": "\"HomeOxygenTherapyPrepopulation\".RelevantDiagnoses"
                                                    }
                                                }
                                            ]
                                        }
                                    ]
                                },
                                {
                                    "linkId": "SQ-1.4.3.a",
                                    "text": "SQ-1.4.3.a: Other Diagnoses",
                                    "type": "open-choice",
                                    "required": true,
                                    "repeats": true,
                                    "extension": [
                                        {
                                            "url": "http://hl7.org/fhir/uv/sdc/StructureDefinition/sdc-questionnaire-initialExpression",
                                            "valueExpression": {
                                                "language": "text/cql",
                                                "expression": "\"HomeOxygenTherapyPrepopulation\".OtherDiagnoses"
                                            }
                                        }
                                    ]
                                }
                            ]
                        },
                        {
                            "linkId": "1.4.2",
                            "type": "display",
                            "text": "Your prior auth number is B1234 (EOL response)"
                        },
                        {
                            "linkId": "SQ-1.4.a",
                            "text": "SQ-1.4.a: Relevant Patient Diagnoses (conditions that might be expected to improve with oxygen therapy)",
                            "type": "open-choice",
                            "required": true,
                            "repeats": true,
                            "extension": [
                                {
                                    "url": "http://hl7.org/fhir/uv/sdc/StructureDefinition/sdc-questionnaire-initialExpression",
                                    "valueExpression": {
                                        "language": "text/cql",
                                        "expression": "\"HomeOxygenTherapyPrepopulation\".RelevantDiagnoses"
                                    }
                                }
                            ]
                        },
                        {
                            "linkId": "SQ-1.4.b",
                            "text": "SQ-1.4.b: Another additional test question that should be displayed with Question 1.4.",
                            "type": "text",
                            "required": true
                        }
                    ]
                }
            ]
        }
    ]
}