{
    "resourceType": "ValueSet",
    "id": "2.16.840.1.113883.3.6037.1001.23.95.26",
    "meta": {
      "versionId": "1",
      "lastUpdated": "2020-11-11T12:43:51.000+00:00",
      "source": "#Aa1M1Jx1a2PIA76w"
    },
    "identifier": [
      {
        "system": "urn:ietf:rfc:3986",
        "value": "2.16.840.1.113883.3.6037.1001.23.95.26"
      }
    ],
    "version": "Latest",
    "name": "Functionality Level 0",
    "title": "Functionality Level 0",
    "status": "active",
    "publisher": "Mettles",
    "compose": {
      "include": [
        {
          "system": "http://terminology.hl7.org/CodeSystem/modifiers",
          "version": "2020-03",
          "concept": [
            {
              "code": "K0",
              "display": "Lower extremity prosthesis functional level 0 – does not have the ability or potential to ambulate or transfer safely with or without assistance and a prosthesis does not enhance their quality of life or mobility"
            }
          ]
        }
      ]
    }
  }