{
   "resourceType":"ValueSet",
   "id":"rc-supplementalOxygenDependence",
   "version":"1.0.0",
   "name":"SupplementalOxygenDependence",
   "title":"Supplemental Oxygen Dependence",
   "status":"active",
   "publisher":"TODO: UNKNOWN",
   "expansion": {
      "identifier": "urn:hl7:mcg:valueset-rc-hypoxemia",
      "timestamp": "2021-03-29T17:45:07Z",
      "contains": [
         {
            "system":"http://snomed.info/sct",
            "code":"931000119107",
            "display":"Dependence on supplemental oxygen (finding)"
         },
         {
            "system":"http://snomed.info/sct",
            "code":"60651000119103",
            "display":"Dependence on continuous supplemental oxygen (finding)"
         },
         {
            "system":"http://hl7.org/fhir/sid/icd-10-cm",
            "code":"Z99.81",
            "display":"[Z99.81] Dependence on supplemental oxygen"
         }
      ]
   },
   "compose":{
      "include":[
         {
            "system":"http://snomed.info/sct",
            "concept":[
               {
                  "code":"931000119107",
                  "display":"Dependence on supplemental oxygen (finding)"
               },
               {
                  "code":"60651000119103",
                  "display":"Dependence on continuous supplemental oxygen (finding)"
               }
            ]
         },
         {
            "system":"http://hl7.org/fhir/sid/icd-10-cm",
            "concept":[
               {
                  "code":"Z99.81",
                  "display":"[Z99.81] Dependence on supplemental oxygen"
               }
            ]
         }
      ]
   }
}
