{
    "resourceType": "ValueSet",
    "id": "2.16.840.1.113883.3.6037.1001.23.95.29",
    "meta": {
      "versionId": "1",
      "lastUpdated": "2020-11-11T12:43:51.000+00:00",
      "source": "#Aa1M1Jx1a2PIA76w"
    },
    "identifier": [
      {
        "system": "urn:ietf:rfc:3986",
        "value": "2.16.840.1.113883.3.6037.1001.23.95.29"
      }
    ],
    "version": "Latest",
    "name": "Functionality Level 3",
    "title": "Functionality Level 3",
    "status": "active",
    "publisher": "Mettles",
    "compose": {
      "include": [
        {
          "system": "http://terminology.hl7.org/CodeSystem/modifiers",
          "version": "2020-03",
          "concept": [
            {
              "code": "K3",
              "display": "Lower extremity prosthesis functional level 3 – has the ability or potential for ambulation with variable cadence, typical of the community ambulator who has the ability to traverse most environmental barriers and may have vocational, therapeutic, or exercise activity that demands prosthetic utilization beyond simple locomotion"
            }
          ]
        }
      ]
    }
  }