{
    "resourceType": "Library",
    "id": "CDS_Connect_Commons_for_FHIRv400",
    "url": "http://hl7.org/fhir/us/davinci-dtr/Library/CDS_Connect_Commons_for_FHIRv400",
    "name": "CDS_Connect_Commons_for_FHIRv400",
    "version": "1.0.2",
    "title": "CDS Connect Commons",
    "status": "draft",
    "type": {
      "coding": [
        {
          "code": "logic-library"
        }
      ]
    },
    "relatedArtifact": [
      {
        "type": "depends-on",
        "resource": "Library/FHIRHelpers-4.0.0"
      }
    ],
    "content": [
      {
        "contentType": "application/elm+json",
        "url": "files/Shared/r4/CDS_Connect_Commons_for_FHIRv400-1.0.2.cql"
      }
    ]
  }