{
  "resourceType": "Library",
  "id": "BasicClinicalInfo-prepopulation",
  "url": "http://hl7.org/fhir/us/davinci-dtr/Library/BasicClinicalInfo-prepopulation",
  "name": "BasicClinicalInfo-prepopulation",
  "version": "0.1.0",
  "title": "Basic Clinical Info FHIR R4",
  "status": "draft",
  "type": {
    "coding": [
      {
        "code": "logic-library"
      }
    ]
  },
  "relatedArtifact": [
    {
      "type": "depends-on",
      "resource": "Library/FHIRHelpers-4.0.0"
    }
  ],
  "dataRequirement": [
    { "type": "Condition" },
    { "type": "Encounter" },
    { "type": "Practitioner" },
    { "type": "AllergyIntolerance" },
    { "type": "Procedure" },
    { "type": "MedicationStatement" }
  ],
  "content": [
    {
      "contentType": "application/elm+json",
      "url": "files/Shared/r4/BasicClinicalInfoPrepopulation-0.1.0.cql"
    }
  ]
}