{
  "resourceType": "Questionnaire",
  "id": "encounter",
  "name": "Encounter Module",
  "meta": {
    "profile": [
      "http://hl7.org/fhir/StructureDefinition/cqf-questionnaire",
      "http://hl7.org/fhir/us/davinci-dtr/StructureDefinition/dtr-questionnaire-r4"
    ]
  },
  "extension": [
    {
      "url": "http://hl7.org/fhir/StructureDefinition/cqf-library",
      "valueCanonical": "http://hl7.org/fhir/us/davinci-dtr/Library/BasicClinicalInfo-prepopulation"
    }
  ],
  "status": "draft",
  "item": [
    {
      "linkId": "ENC",
      "text": "Encounter",
      "type": "group",
      "item": [
        {
          "linkId": "ENC.1",
          "extension": [
            {
              "url": "http://hl7.org/fhir/uv/sdc/StructureDefinition/sdc-questionnaire-initialExpression",
              "valueExpression": {
                "language": "text/cql",
                "expression": "\"BasicClinicalInfoPrepopulation\".RequestEncounterDate"
              }
            }
          ],
          "text": "Date of encounter (MM/DD/YYYY)",
          "type": "date",
          "required": true
        },
        {
          "linkId": "ENC.2",
          "extension": [
            {
              "url": "http://hl7.org/fhir/uv/sdc/StructureDefinition/sdc-questionnaire-initialExpression",
              "valueExpression": {
                "language": "text/cql",
                "expression": "\"BasicClinicalInfoPrepopulation\".AnswerYes"
              }
            },
            {
              "url": "http://hl7.org/fhir/StructureDefinition/questionnaire-itemControl",
              "valueCodeableConcept": {
                "coding": [
                  {
                    "code": "radio-button",
                    "system": "http://hl7.org/fhir/questionnaire-item-control"
                  }
                ]
              }
            }
          ],
          "text": "Is this encounter for the evaluation of the patient’s need for ordered device, service, or medication?",
          "required": true,
          "type": "choice",
          "answerValueSet": "http://terminology.hl7.org/ValueSet/v2-0136"
        },
        {
          "linkId": "ENC.3",
          "text": "If No, purpose of the encounter",
          "type": "text",
          "required": true,
          "enableWhen": [
            {
              "question": "ENC.2",
              "operator": "=",
              "answerCoding": {
                "code": "N",
                "system": "http://terminology.hl7.org/CodeSystem/v2-0136"
              }
            }
          ]
        }
      ]
    }
  ]
}