{
    "resourceType" : "ValueSet",
    "id" : "event-timing",
    "meta" : {
      "versionId" : "1",
      "lastUpdated" : "2018-12-14T02:05:02.847Z",
      "profile" : [
        "http://hl7.org/fhir/StructureDefinition/shareablevalueset"
      ]
    },
    "text" : {
      "status" : "generated",
      "div" : "<div><table class=\"grid\"><tr><td>http://hl7.org/fhir/event-timing</td><td>MORN</td><td>Morning</td></tr><tr><td>http://hl7.org/fhir/event-timing</td><td>MORN.early</td><td>Early Morning</td></tr><tr><td>http://hl7.org/fhir/event-timing</td><td>MORN.late</td><td>Late Morning</td></tr><tr><td>http://hl7.org/fhir/event-timing</td><td>NOON</td><td>Noon</td></tr><tr><td>http://hl7.org/fhir/event-timing</td><td>AFT</td><td>Afternoon</td></tr><tr><td>http://hl7.org/fhir/event-timing</td><td>AFT.early</td><td>Early Afternoon</td></tr><tr><td>http://hl7.org/fhir/event-timing</td><td>AFT.late</td><td>Late Afternoon</td></tr><tr><td>http://hl7.org/fhir/event-timing</td><td>EVE</td><td>Evening</td></tr><tr><td>http://hl7.org/fhir/event-timing</td><td>EVE.early</td><td>Early Evening</td></tr><tr><td>http://hl7.org/fhir/event-timing</td><td>EVE.late</td><td>Late Evening</td></tr><tr><td>http://hl7.org/fhir/event-timing</td><td>NIGHT</td><td>Night</td></tr><tr><td>http://hl7.org/fhir/event-timing</td><td>PHS</td><td>After Sleep</td></tr><tr><td>http://terminology.hl7.org/CodeSystem/v3-TimingEvent</td><td>HS</td><td>HS</td></tr><tr><td>http://terminology.hl7.org/CodeSystem/v3-TimingEvent</td><td>WAKE</td><td>WAKE</td></tr><tr><td>http://terminology.hl7.org/CodeSystem/v3-TimingEvent</td><td>C</td><td>C</td></tr><tr><td>http://terminology.hl7.org/CodeSystem/v3-TimingEvent</td><td>CM</td><td>CM</td></tr><tr><td>http://terminology.hl7.org/CodeSystem/v3-TimingEvent</td><td>CD</td><td>CD</td></tr><tr><td>http://terminology.hl7.org/CodeSystem/v3-TimingEvent</td><td>CV</td><td>CV</td></tr><tr><td>http://terminology.hl7.org/CodeSystem/v3-TimingEvent</td><td>AC</td><td>AC</td></tr><tr><td>http://terminology.hl7.org/CodeSystem/v3-TimingEvent</td><td>ACM</td><td>ACM</td></tr><tr><td>http://terminology.hl7.org/CodeSystem/v3-TimingEvent</td><td>ACD</td><td>ACD</td></tr><tr><td>http://terminology.hl7.org/CodeSystem/v3-TimingEvent</td><td>ACV</td><td>ACV</td></tr><tr><td>http://terminology.hl7.org/CodeSystem/v3-TimingEvent</td><td>PC</td><td>PC</td></tr><tr><td>http://terminology.hl7.org/CodeSystem/v3-TimingEvent</td><td>PCM</td><td>PCM</td></tr><tr><td>http://terminology.hl7.org/CodeSystem/v3-TimingEvent</td><td>PCD</td><td>PCD</td></tr><tr><td>http://terminology.hl7.org/CodeSystem/v3-TimingEvent</td><td>PCV</td><td>PCV</td></tr></table></div>"
    },
    "extension" : [
      {
        "url" : "http://hl7.org/fhir/StructureDefinition/structuredefinition-wg",
        "valueCode" : "fhir"
      },
      {
        "url" : "http://hl7.org/fhir/StructureDefinition/structuredefinition-standards-status",
        "valueCode" : "normative"
      },
      {
        "url" : "http://hl7.org/fhir/StructureDefinition/structuredefinition-normative-version",
        "valueCode" : "4.0.0"
      },
      {
        "url" : "http://hl7.org/fhir/StructureDefinition/structuredefinition-fmm",
        "valueInteger" : 5
      }
    ],
    "url" : "http://hl7.org/fhir/ValueSet/event-timing",
    "identifier" : [
      {
        "system" : "urn:ietf:rfc:3986",
        "value" : "urn:oid:2.16.840.1.113883.4.642.3.75"
      }
    ],
    "version" : "4.0.0",
    "name" : "EventTiming",
    "title" : "EventTiming",
    "status" : "active",
    "experimental" : false,
    "date" : "2018-12-14T01:14:32+00:00",
    "publisher" : "HL7 (FHIR Project)",
    "contact" : [
      {
        "telecom" : [
          {
            "system" : "url",
            "value" : "http://hl7.org/fhir"
          },
          {
            "system" : "email",
            "value" : "fhir@lists.hl7.org"
          }
        ]
      }
    ],
    "description" : "Real world event relating to the schedule.",
    "immutable" : true,
    "compose" : {
      "include" : [
        {
          "system" : "http://hl7.org/fhir/event-timing"
        },
        {
          "system" : "http://terminology.hl7.org/CodeSystem/v3-TimingEvent",
          "concept" : [
            {
              "extension" : [
                {
                  "url" : "http://hl7.org/fhir/StructureDefinition/valueset-concept-definition",
                  "valueString" : "event occurs [offset] before the hour of sleep (or trying to)"
                }
              ],
              "code" : "HS"
            },
            {
              "extension" : [
                {
                  "url" : "http://hl7.org/fhir/StructureDefinition/valueset-concept-definition",
                  "valueString" : "event occurs [offset] after waking"
                }
              ],
              "code" : "WAKE"
            },
            {
              "extension" : [
                {
                  "url" : "http://hl7.org/fhir/StructureDefinition/valueset-concept-definition",
                  "valueString" : "event occurs at a meal (from the Latin cibus)"
                }
              ],
              "code" : "C"
            },
            {
              "extension" : [
                {
                  "url" : "http://hl7.org/fhir/StructureDefinition/valueset-concept-definition",
                  "valueString" : "event occurs at breakfast (from the Latin cibus matutinus)"
                }
              ],
              "code" : "CM"
            },
            {
              "extension" : [
                {
                  "url" : "http://hl7.org/fhir/StructureDefinition/valueset-concept-definition",
                  "valueString" : "event occurs at lunch (from the Latin cibus diurnus)"
                }
              ],
              "code" : "CD"
            },
            {
              "extension" : [
                {
                  "url" : "http://hl7.org/fhir/StructureDefinition/valueset-concept-definition",
                  "valueString" : "event occurs at dinner (from the Latin ante cibus vespertinus)"
                }
              ],
              "code" : "CV"
            },
            {
              "extension" : [
                {
                  "url" : "http://hl7.org/fhir/StructureDefinition/valueset-concept-definition",
                  "valueString" : "event occurs [offset] before a meal (from the Latin ante cibus)"
                }
              ],
              "code" : "AC"
            },
            {
              "extension" : [
                {
                  "url" : "http://hl7.org/fhir/StructureDefinition/valueset-concept-definition",
                  "valueString" : "event occurs [offset] before breakfast (from the Latin ante cibus matutinus)"
                }
              ],
              "code" : "ACM"
            },
            {
              "extension" : [
                {
                  "url" : "http://hl7.org/fhir/StructureDefinition/valueset-concept-definition",
                  "valueString" : "event occurs [offset] before lunch (from the Latin ante cibus diurnus)"
                }
              ],
              "code" : "ACD"
            },
            {
              "extension" : [
                {
                  "url" : "http://hl7.org/fhir/StructureDefinition/valueset-concept-definition",
                  "valueString" : "event occurs [offset] before dinner (from the Latin ante cibus vespertinus)"
                }
              ],
              "code" : "ACV"
            },
            {
              "extension" : [
                {
                  "url" : "http://hl7.org/fhir/StructureDefinition/valueset-concept-definition",
                  "valueString" : "event occurs [offset] after a meal (from the Latin post cibus)"
                }
              ],
              "code" : "PC"
            },
            {
              "extension" : [
                {
                  "url" : "http://hl7.org/fhir/StructureDefinition/valueset-concept-definition",
                  "valueString" : "event occurs [offset] after breakfast (from the Latin post cibus matutinus)"
                }
              ],
              "code" : "PCM"
            },
            {
              "extension" : [
                {
                  "url" : "http://hl7.org/fhir/StructureDefinition/valueset-concept-definition",
                  "valueString" : "event occurs [offset] after lunch (from the Latin post cibus diurnus)"
                }
              ],
              "code" : "PCD"
            },
            {
              "extension" : [
                {
                  "url" : "http://hl7.org/fhir/StructureDefinition/valueset-concept-definition",
                  "valueString" : "event occurs [offset] after dinner (from the Latin post cibus vespertinus)"
                }
              ],
              "code" : "PCV"
            }
          ]
        }
      ]
    },
    "expansion" : {
      "identifier" : "urn:uuid:ff059727-78c1-4ad3-a780-8f78fbd87ad4",
      "timestamp" : "2020-07-02T19:25:51.031Z",
      "parameter" : [
        {
          "name" : "expansion-source",
          "valueString" : "ValueSet/event-timing"
        },
        {
          "name" : "limitedExpansion",
          "valueBoolean" : true
        },
        {
          "name" : "displayLanguage",
          "valueString" : "en-US,en;q=0.9"
        },
        {
          "name" : "includeDefinition",
          "valueBoolean" : true
        },
        {
          "name" : "version",
          "valueString" : "http://hl7.org/fhir/event-timing|4.0.0"
        },
        {
          "name" : "version",
          "valueString" : "http://terminology.hl7.org/CodeSystem/v3-TimingEvent|2018-08-12"
        }
      ],
      "contains" : [
        {
          "extension" : [
            {
              "url" : "http://hl7.org/fhir/StructureDefinition/valueset-definition",
              "valueString" : "Event occurs during the morning. The exact time is unspecified and established by institution convention or patient interpretation."
            }
          ],
          "system" : "http://hl7.org/fhir/event-timing",
          "code" : "MORN",
          "display" : "Morning"
        },
        {
          "extension" : [
            {
              "url" : "http://hl7.org/fhir/StructureDefinition/valueset-definition",
              "valueString" : "Event occurs during the early morning. The exact time is unspecified and established by institution convention or patient interpretation."
            }
          ],
          "system" : "http://hl7.org/fhir/event-timing",
          "code" : "MORN.early",
          "display" : "Early Morning"
        },
        {
          "extension" : [
            {
              "url" : "http://hl7.org/fhir/StructureDefinition/valueset-definition",
              "valueString" : "Event occurs during the late morning. The exact time is unspecified and established by institution convention or patient interpretation."
            }
          ],
          "system" : "http://hl7.org/fhir/event-timing",
          "code" : "MORN.late",
          "display" : "Late Morning"
        },
        {
          "extension" : [
            {
              "url" : "http://hl7.org/fhir/StructureDefinition/valueset-definition",
              "valueString" : "Event occurs around 12:00pm. The exact time is unspecified and established by institution convention or patient interpretation."
            }
          ],
          "system" : "http://hl7.org/fhir/event-timing",
          "code" : "NOON",
          "display" : "Noon"
        },
        {
          "extension" : [
            {
              "url" : "http://hl7.org/fhir/StructureDefinition/valueset-definition",
              "valueString" : "Event occurs during the afternoon. The exact time is unspecified and established by institution convention or patient interpretation."
            }
          ],
          "system" : "http://hl7.org/fhir/event-timing",
          "code" : "AFT",
          "display" : "Afternoon"
        },
        {
          "extension" : [
            {
              "url" : "http://hl7.org/fhir/StructureDefinition/valueset-definition",
              "valueString" : "Event occurs during the early afternoon. The exact time is unspecified and established by institution convention or patient interpretation."
            }
          ],
          "system" : "http://hl7.org/fhir/event-timing",
          "code" : "AFT.early",
          "display" : "Early Afternoon"
        },
        {
          "extension" : [
            {
              "url" : "http://hl7.org/fhir/StructureDefinition/valueset-definition",
              "valueString" : "Event occurs during the late afternoon. The exact time is unspecified and established by institution convention or patient interpretation."
            }
          ],
          "system" : "http://hl7.org/fhir/event-timing",
          "code" : "AFT.late",
          "display" : "Late Afternoon"
        },
        {
          "extension" : [
            {
              "url" : "http://hl7.org/fhir/StructureDefinition/valueset-definition",
              "valueString" : "Event occurs during the evening. The exact time is unspecified and established by institution convention or patient interpretation."
            }
          ],
          "system" : "http://hl7.org/fhir/event-timing",
          "code" : "EVE",
          "display" : "Evening"
        },
        {
          "extension" : [
            {
              "url" : "http://hl7.org/fhir/StructureDefinition/valueset-definition",
              "valueString" : "Event occurs during the early evening. The exact time is unspecified and established by institution convention or patient interpretation."
            }
          ],
          "system" : "http://hl7.org/fhir/event-timing",
          "code" : "EVE.early",
          "display" : "Early Evening"
        },
        {
          "extension" : [
            {
              "url" : "http://hl7.org/fhir/StructureDefinition/valueset-definition",
              "valueString" : "Event occurs during the late evening. The exact time is unspecified and established by institution convention or patient interpretation."
            }
          ],
          "system" : "http://hl7.org/fhir/event-timing",
          "code" : "EVE.late",
          "display" : "Late Evening"
        },
        {
          "extension" : [
            {
              "url" : "http://hl7.org/fhir/StructureDefinition/valueset-definition",
              "valueString" : "Event occurs during the night. The exact time is unspecified and established by institution convention or patient interpretation."
            }
          ],
          "system" : "http://hl7.org/fhir/event-timing",
          "code" : "NIGHT",
          "display" : "Night"
        },
        {
          "extension" : [
            {
              "url" : "http://hl7.org/fhir/StructureDefinition/valueset-definition",
              "valueString" : "Event occurs [offset] after subject goes to sleep. The exact time is unspecified and established by institution convention or patient interpretation."
            }
          ],
          "system" : "http://hl7.org/fhir/event-timing",
          "code" : "PHS",
          "display" : "After Sleep"
        },
        {
          "extension" : [
            {
              "url" : "http://hl7.org/fhir/StructureDefinition/valueset-definition",
              "valueString" : "Description: Prior to beginning a regular period of extended sleep (this would exclude naps).  Note that this might occur at different times of day depending on a person's regular sleep schedule."
            }
          ],
          "system" : "http://terminology.hl7.org/CodeSystem/v3-TimingEvent",
          "code" : "HS",
          "display" : "HS"
        },
        {
          "extension" : [
            {
              "url" : "http://hl7.org/fhir/StructureDefinition/valueset-definition",
              "valueString" : "Description: Upon waking up from a regular period of sleep, in order to start regular activities (this would exclude waking up from a nap or temporarily waking up during a period of sleep)\r\n\n                        \n                           Usage Notes: e.g.\r\n\n                        Take pulse rate on waking in management of thyrotoxicosis.\r\n\n                        Take BP on waking in management of hypertension\r\n\n                        Take basal body temperature on waking in establishing date of ovulation"
            }
          ],
          "system" : "http://terminology.hl7.org/CodeSystem/v3-TimingEvent",
          "code" : "WAKE",
          "display" : "WAKE"
        },
        {
          "extension" : [
            {
              "url" : "http://hl7.org/fhir/StructureDefinition/valueset-definition",
              "valueString" : "Description: meal (from lat. ante cibus)"
            }
          ],
          "system" : "http://terminology.hl7.org/CodeSystem/v3-TimingEvent",
          "code" : "C",
          "display" : "C"
        },
        {
          "extension" : [
            {
              "url" : "http://hl7.org/fhir/StructureDefinition/valueset-definition",
              "valueString" : "Description: breakfast (from lat. cibus matutinus)"
            }
          ],
          "system" : "http://terminology.hl7.org/CodeSystem/v3-TimingEvent",
          "code" : "CM",
          "display" : "CM"
        },
        {
          "extension" : [
            {
              "url" : "http://hl7.org/fhir/StructureDefinition/valueset-definition",
              "valueString" : "Description: lunch (from lat. cibus diurnus)"
            }
          ],
          "system" : "http://terminology.hl7.org/CodeSystem/v3-TimingEvent",
          "code" : "CD",
          "display" : "CD"
        },
        {
          "extension" : [
            {
              "url" : "http://hl7.org/fhir/StructureDefinition/valueset-definition",
              "valueString" : "Description: dinner (from lat. cibus vespertinus)"
            }
          ],
          "system" : "http://terminology.hl7.org/CodeSystem/v3-TimingEvent",
          "code" : "CV",
          "display" : "CV"
        },
        {
          "extension" : [
            {
              "url" : "http://hl7.org/fhir/StructureDefinition/valueset-definition",
              "valueString" : "before meal (from lat. ante cibus)"
            }
          ],
          "system" : "http://terminology.hl7.org/CodeSystem/v3-TimingEvent",
          "code" : "AC",
          "display" : "AC"
        },
        {
          "extension" : [
            {
              "url" : "http://hl7.org/fhir/StructureDefinition/valueset-definition",
              "valueString" : "before breakfast (from lat. ante cibus matutinus)"
            }
          ],
          "system" : "http://terminology.hl7.org/CodeSystem/v3-TimingEvent",
          "code" : "ACM",
          "display" : "ACM"
        },
        {
          "extension" : [
            {
              "url" : "http://hl7.org/fhir/StructureDefinition/valueset-definition",
              "valueString" : "before lunch (from lat. ante cibus diurnus)"
            }
          ],
          "system" : "http://terminology.hl7.org/CodeSystem/v3-TimingEvent",
          "code" : "ACD",
          "display" : "ACD"
        },
        {
          "extension" : [
            {
              "url" : "http://hl7.org/fhir/StructureDefinition/valueset-definition",
              "valueString" : "before dinner (from lat. ante cibus vespertinus)"
            }
          ],
          "system" : "http://terminology.hl7.org/CodeSystem/v3-TimingEvent",
          "code" : "ACV",
          "display" : "ACV"
        },
        {
          "extension" : [
            {
              "url" : "http://hl7.org/fhir/StructureDefinition/valueset-definition",
              "valueString" : "after meal (from lat. post cibus)"
            }
          ],
          "system" : "http://terminology.hl7.org/CodeSystem/v3-TimingEvent",
          "code" : "PC",
          "display" : "PC"
        },
        {
          "extension" : [
            {
              "url" : "http://hl7.org/fhir/StructureDefinition/valueset-definition",
              "valueString" : "after breakfast (from lat. post cibus matutinus)"
            }
          ],
          "system" : "http://terminology.hl7.org/CodeSystem/v3-TimingEvent",
          "code" : "PCM",
          "display" : "PCM"
        },
        {
          "extension" : [
            {
              "url" : "http://hl7.org/fhir/StructureDefinition/valueset-definition",
              "valueString" : "after lunch (from lat. post cibus diurnus)"
            }
          ],
          "system" : "http://terminology.hl7.org/CodeSystem/v3-TimingEvent",
          "code" : "PCD",
          "display" : "PCD"
        },
        {
          "extension" : [
            {
              "url" : "http://hl7.org/fhir/StructureDefinition/valueset-definition",
              "valueString" : "after dinner (from lat. post cibus vespertinus)"
            }
          ],
          "system" : "http://terminology.hl7.org/CodeSystem/v3-TimingEvent",
          "code" : "PCV",
          "display" : "PCV"
        }
      ]
    }
  }