{
  "resourceType" : "ValueSet",
  "id" : "v2-0136",
  "meta" : {
    "versionId" : "1",
    "lastUpdated" : "2018-12-14T02:05:20.722Z",
    "profile" : [
      "http://hl7.org/fhir/StructureDefinition/shareablevalueset"
    ]
  },
  "language" : "en",
  "url" : "http://terminology.hl7.org/ValueSet/v2-0136",
  "version" : "2.9",
  "name" : "v2.0136",
  "title" : "v2 Y/N Indicator",
  "status" : "active",
  "experimental" : false,
  "immutable" : true,
  "expansion" : {
    "identifier" : "urn:uuid:3092e027-c774-4d33-a144-380185b08605",
    "timestamp" : "2020-07-17T16:00:03.093Z",
    "parameter" : [
      {
        "name" : "expansion-source",
        "valueString" : "ValueSet/v2-0136"
      },
      {
        "name" : "version",
        "valueString" : "http://terminology.hl7.org/CodeSystem/v2-0136|2.9"
      }
    ],
    "contains" : [
      {
        "system" : "http://terminology.hl7.org/CodeSystem/v2-0136",
        "code" : "Y",
        "display" : "Yes"
      },
      {
        "system" : "http://terminology.hl7.org/CodeSystem/v2-0136",
        "code" : "N",
        "display" : "No"
      }
    ]
  }
}
