{
  "resourceType": "ValueSet",
  "id": "condition-clinical",
  "meta": {
    "versionId": "1",
    "lastUpdated": "2018-12-14T02:04:58.254Z",
    "profile": ["http://hl7.org/fhir/StructureDefinition/shareablevalueset"]
  },
  "url": "http://hl7.org/fhir/ValueSet/condition-clinical",
  "identifier": [
    {
      "system": "urn:ietf:rfc:3986",
      "value": "urn:oid:2.16.840.1.113883.4.642.3.164"
    }
  ],
  "version": "4.0.0",
  "name": "ConditionClinicalStatusCodes",
  "title": "Condition Clinical Status Codes",
  "status": "draft",
  "experimental": false,
  "date": "2018-12-14T01:14:32+00:00",
  "immutable": true,
  "expansion": {
    "identifier": "urn:uuid:995a6aa6-0388-41fa-8883-9ecd474dfe67",
    "timestamp": "2020-07-22T21:20:14.229Z",
    "parameter": [
      {
        "name": "expansion-source",
        "valueString": "ValueSet/condition-clinical"
      },
      {
        "name": "displayLanguage",
        "valueString": "en-US,en;q=0.9"
      },
      {
        "name": "version",
        "valueString": "http://terminology.hl7.org/CodeSystem/condition-clinical|4.0.0"
      }
    ],
    "contains": [
      {
        "extension": [
          {
            "url": "http://hl7.org/fhir/StructureDefinition/valueset-definition",
            "valueString": "The subject is currently experiencing the symptoms of the condition or there is evidence of the condition."
          }
        ],
        "system": "http://terminology.hl7.org/CodeSystem/condition-clinical",
        "code": "active",
        "display": "Active"
      },
      {
        "extension": [
          {
            "url": "http://hl7.org/fhir/StructureDefinition/valueset-definition",
            "valueString": "The subject is experiencing a re-occurence or repeating of a previously resolved condition, e.g. urinary tract infection, pancreatitis, cholangitis, conjunctivitis."
          }
        ],
        "system": "http://terminology.hl7.org/CodeSystem/condition-clinical",
        "code": "recurrence",
        "display": "Recurrence"
      },
      {
        "extension": [
          {
            "url": "http://hl7.org/fhir/StructureDefinition/valueset-definition",
            "valueString": "The subject is experiencing a return of a condition, or signs and symptoms after a period of improvement or remission, e.g. relapse of cancer, multiple sclerosis, rheumatoid arthritis, systemic lupus erythematosus, bipolar disorder, [psychotic relapse of] schizophrenia, etc."
          }
        ],
        "system": "http://terminology.hl7.org/CodeSystem/condition-clinical",
        "code": "relapse",
        "display": "Relapse"
      },
      {
        "extension": [
          {
            "url": "http://hl7.org/fhir/StructureDefinition/valueset-definition",
            "valueString": "The subject is no longer experiencing the symptoms of the condition or there is no longer evidence of the condition."
          }
        ],
        "system": "http://terminology.hl7.org/CodeSystem/condition-clinical",
        "code": "inactive",
        "display": "Inactive"
      },
      {
        "extension": [
          {
            "url": "http://hl7.org/fhir/StructureDefinition/valueset-definition",
            "valueString": "The subject is no longer experiencing the symptoms of the condition, but there is a risk of the symptoms returning."
          }
        ],
        "system": "http://terminology.hl7.org/CodeSystem/condition-clinical",
        "code": "remission",
        "display": "Remission"
      },
      {
        "extension": [
          {
            "url": "http://hl7.org/fhir/StructureDefinition/valueset-definition",
            "valueString": "The subject is no longer experiencing the symptoms of the condition and there is a negligible perceived risk of the symptoms returning."
          }
        ],
        "system": "http://terminology.hl7.org/CodeSystem/condition-clinical",
        "code": "resolved",
        "display": "Resolved"
      }
    ]
  }
}
