{
  "resourceType" : "ValueSet",
  "id" : "medicationrequest-intent",
  "meta" : {
    "versionId" : "1",
    "lastUpdated" : "2018-12-14T02:05:08.363Z",
    "profile" : [
      "http://hl7.org/fhir/StructureDefinition/shareablevalueset"
    ]
  },
  "text" : {
    "status" : "generated",
    "div" : "<div><table class=\"grid\"><tr><td>http://hl7.org/fhir/CodeSystem/medicationrequest-intent</td><td>proposal</td><td>Proposal</td></tr><tr><td>http://hl7.org/fhir/CodeSystem/medicationrequest-intent</td><td>plan</td><td>Plan</td></tr><tr><td>http://hl7.org/fhir/CodeSystem/medicationrequest-intent</td><td>order</td><td>Order</td></tr><tr><td>http://hl7.org/fhir/CodeSystem/medicationrequest-intent</td><td>original-order</td><td>Original Order</td></tr><tr><td>http://hl7.org/fhir/CodeSystem/medicationrequest-intent</td><td>reflex-order</td><td>Reflex Order</td></tr><tr><td>http://hl7.org/fhir/CodeSystem/medicationrequest-intent</td><td>filler-order</td><td>Filler Order</td></tr><tr><td>http://hl7.org/fhir/CodeSystem/medicationrequest-intent</td><td>instance-order</td><td>Instance Order</td></tr><tr><td>http://hl7.org/fhir/CodeSystem/medicationrequest-intent</td><td>option</td><td>Option</td></tr></table></div>"
  },
  "extension" : [
    {
      "url" : "http://hl7.org/fhir/StructureDefinition/structuredefinition-wg",
      "valueCode" : "phx"
    },
    {
      "url" : "http://hl7.org/fhir/StructureDefinition/structuredefinition-standards-status",
      "valueCode" : "trial-use"
    },
    {
      "url" : "http://hl7.org/fhir/StructureDefinition/structuredefinition-fmm",
      "valueInteger" : 3
    }
  ],
  "url" : "http://hl7.org/fhir/ValueSet/medicationrequest-intent",
  "identifier" : [
    {
      "system" : "urn:ietf:rfc:3986",
      "value" : "urn:oid:2.16.840.1.113883.4.642.3.1321"
    }
  ],
  "version" : "4.0.0",
  "name" : "medicationRequest Intent",
  "title" : "Medication request  intent",
  "status" : "draft",
  "experimental" : false,
  "date" : "2018-12-14T01:14:32+00:00",
  "publisher" : "FHIR Project team",
  "contact" : [
    {
      "telecom" : [
        {
          "system" : "url",
          "value" : "http://hl7.org/fhir"
        }
      ]
    }
  ],
  "description" : "MedicationRequest Intent Codes",
  "immutable" : true,
  "compose" : {
    "include" : [
      {
        "system" : "http://hl7.org/fhir/CodeSystem/medicationrequest-intent"
      }
    ]
  },
  "expansion" : {
    "identifier" : "urn:uuid:92589ebb-d844-4c66-a42f-aa680c0a88ba",
    "timestamp" : "2020-05-28T13:34:54.426Z",
    "parameter" : [
      {
        "name" : "expansion-source",
        "valueString" : "ValueSet/medicationrequest-intent"
      },
      {
        "name" : "limitedExpansion",
        "valueBoolean" : true
      },
      {
        "name" : "displayLanguage",
        "valueString" : "en-US,en;q=0.9"
      },
      {
        "name" : "includeDefinition",
        "valueBoolean" : true
      },
      {
        "name" : "version",
        "valueString" : "http://hl7.org/fhir/CodeSystem/medicationrequest-intent|4.0.0"
      }
    ],
    "contains" : [
      {
        "extension" : [
          {
            "url" : "http://hl7.org/fhir/StructureDefinition/valueset-definition",
            "valueString" : "The request is a suggestion made by someone/something that doesn't have an intention to ensure it occurs and without providing an authorization to act"
          }
        ],
        "system" : "http://hl7.org/fhir/CodeSystem/medicationrequest-intent",
        "code" : "proposal",
        "display" : "Proposal"
      },
      {
        "extension" : [
          {
            "url" : "http://hl7.org/fhir/StructureDefinition/valueset-definition",
            "valueString" : "The request represents an intention to ensure something occurs without providing an authorization for others to act."
          }
        ],
        "system" : "http://hl7.org/fhir/CodeSystem/medicationrequest-intent",
        "code" : "plan",
        "display" : "Plan"
      },
      {
        "extension" : [
          {
            "url" : "http://hl7.org/fhir/StructureDefinition/valueset-definition",
            "valueString" : "The request represents a request/demand and authorization for action"
          }
        ],
        "system" : "http://hl7.org/fhir/CodeSystem/medicationrequest-intent",
        "code" : "order",
        "display" : "Order"
      },
      {
        "extension" : [
          {
            "url" : "http://hl7.org/fhir/StructureDefinition/valueset-definition",
            "valueString" : "The request represents the original authorization for the medication request."
          }
        ],
        "system" : "http://hl7.org/fhir/CodeSystem/medicationrequest-intent",
        "code" : "original-order",
        "display" : "Original Order"
      },
      {
        "extension" : [
          {
            "url" : "http://hl7.org/fhir/StructureDefinition/valueset-definition",
            "valueString" : "The request represents an automatically generated supplemental authorization for action based on a parent authorization together with initial results of the action taken against that parent authorization.."
          }
        ],
        "system" : "http://hl7.org/fhir/CodeSystem/medicationrequest-intent",
        "code" : "reflex-order",
        "display" : "Reflex Order"
      },
      {
        "extension" : [
          {
            "url" : "http://hl7.org/fhir/StructureDefinition/valueset-definition",
            "valueString" : "The request represents the view of an authorization instantiated by a fulfilling system representing the details of the fulfiller's intention to act upon a submitted order."
          }
        ],
        "system" : "http://hl7.org/fhir/CodeSystem/medicationrequest-intent",
        "code" : "filler-order",
        "display" : "Filler Order"
      },
      {
        "extension" : [
          {
            "url" : "http://hl7.org/fhir/StructureDefinition/valueset-definition",
            "valueString" : "The request represents an instance for the particular order, for example a medication administration record."
          }
        ],
        "system" : "http://hl7.org/fhir/CodeSystem/medicationrequest-intent",
        "code" : "instance-order",
        "display" : "Instance Order"
      },
      {
        "extension" : [
          {
            "url" : "http://hl7.org/fhir/StructureDefinition/valueset-definition",
            "valueString" : "The request represents a component or option for a RequestGroup that establishes timing, conditionality and/or  other constraints among a set of requests."
          }
        ],
        "system" : "http://hl7.org/fhir/CodeSystem/medicationrequest-intent",
        "code" : "option",
        "display" : "Option"
      }
    ]
  }
}