{
  "resourceType" : "ValueSet",
  "id" : "timing-abbreviation",
  "meta" : {
    "versionId" : "1",
    "lastUpdated" : "2018-12-14T02:05:16.722Z",
    "profile" : [
      "http://hl7.org/fhir/StructureDefinition/shareablevalueset"
    ]
  },
  "url" : "http://hl7.org/fhir/ValueSet/timing-abbreviation",
  "identifier" : [
    {
      "system" : "urn:ietf:rfc:3986",
      "value" : "urn:oid:2.16.840.1.113883.4.642.3.78"
    }
  ],
  "version" : "4.0.0",
  "name" : "TimingAbbreviation",
  "title" : "TimingAbbreviation",
  "status" : "draft",
  "experimental" : false,
  "date" : "2018-12-14T01:14:32+00:00",
  "expansion" : {
    "identifier" : "urn:uuid:dcd3e054-dc76-4539-ba68-4f1350fb8398",
    "timestamp" : "2020-07-08T16:56:06.800Z",
    "parameter" : [
      {
        "name" : "expansion-source",
        "valueString" : "ValueSet/timing-abbreviation"
      },
      {
        "name" : "displayLanguage",
        "valueString" : "en-US,en;q=0.9,zh-CN;q=0.8,zh;q=0.7"
      },
      {
        "name" : "version",
        "valueString" : "http://terminology.hl7.org/CodeSystem/v3-GTSAbbreviation|2018-08-12"
      }
    ],
    "contains" : [
      {
        "extension" : [
          {
            "url" : "http://hl7.org/fhir/StructureDefinition/valueset-definition",
            "valueString" : "Two times a day at institution specified time"
          }
        ],
        "system" : "http://terminology.hl7.org/CodeSystem/v3-GTSAbbreviation",
        "code" : "BID",
        "display" : "BID"
      },
      {
        "extension" : [
          {
            "url" : "http://hl7.org/fhir/StructureDefinition/valueset-definition",
            "valueString" : "Three times a day at institution specified time"
          }
        ],
        "system" : "http://terminology.hl7.org/CodeSystem/v3-GTSAbbreviation",
        "code" : "TID",
        "display" : "TID"
      },
      {
        "extension" : [
          {
            "url" : "http://hl7.org/fhir/StructureDefinition/valueset-definition",
            "valueString" : "Four times a day at institution specified time"
          }
        ],
        "system" : "http://terminology.hl7.org/CodeSystem/v3-GTSAbbreviation",
        "code" : "QID",
        "display" : "QID"
      },
      {
        "extension" : [
          {
            "url" : "http://hl7.org/fhir/StructureDefinition/valueset-definition",
            "valueString" : "Every morning at institution specified times."
          }
        ],
        "system" : "http://terminology.hl7.org/CodeSystem/v3-GTSAbbreviation",
        "code" : "AM",
        "display" : "AM"
      },
      {
        "extension" : [
          {
            "url" : "http://hl7.org/fhir/StructureDefinition/valueset-definition",
            "valueString" : "Every afternoon at institution specified times."
          }
        ],
        "system" : "http://terminology.hl7.org/CodeSystem/v3-GTSAbbreviation",
        "code" : "PM",
        "display" : "PM"
      },
      {
        "extension" : [
          {
            "url" : "http://hl7.org/fhir/StructureDefinition/valueset-definition",
            "valueString" : "Every day at institution specified times."
          }
        ],
        "system" : "http://terminology.hl7.org/CodeSystem/v3-GTSAbbreviation",
        "code" : "QD",
        "display" : "QD"
      },
      {
        "extension" : [
          {
            "url" : "http://hl7.org/fhir/StructureDefinition/valueset-definition",
            "valueString" : "Every other day at institution specified times."
          }
        ],
        "system" : "http://terminology.hl7.org/CodeSystem/v3-GTSAbbreviation",
        "code" : "QOD",
        "display" : "QOD"
      },
      {
        "extension" : [
          {
            "url" : "http://hl7.org/fhir/StructureDefinition/valueset-definition",
            "valueString" : "Every hour at institution specified times."
          }
        ],
        "system" : "http://terminology.hl7.org/CodeSystem/v3-GTSAbbreviation",
        "code" : "Q1H",
        "display" : "every hour"
      },
      {
        "extension" : [
          {
            "url" : "http://hl7.org/fhir/StructureDefinition/valueset-definition",
            "valueString" : "Every 2 hours at institution specified times."
          }
        ],
        "system" : "http://terminology.hl7.org/CodeSystem/v3-GTSAbbreviation",
        "code" : "Q2H",
        "display" : "every 2 hours"
      },
      {
        "extension" : [
          {
            "url" : "http://hl7.org/fhir/StructureDefinition/valueset-definition",
            "valueString" : "Every 3 hours at institution specified times."
          }
        ],
        "system" : "http://terminology.hl7.org/CodeSystem/v3-GTSAbbreviation",
        "code" : "Q3H",
        "display" : "every 3 hours"
      },
      {
        "extension" : [
          {
            "url" : "http://hl7.org/fhir/StructureDefinition/valueset-definition",
            "valueString" : "Every 4 hours at institution specified time"
          }
        ],
        "system" : "http://terminology.hl7.org/CodeSystem/v3-GTSAbbreviation",
        "code" : "Q4H",
        "display" : "Q4H"
      },
      {
        "extension" : [
          {
            "url" : "http://hl7.org/fhir/StructureDefinition/valueset-definition",
            "valueString" : "Every 6 hours at institution specified time"
          }
        ],
        "system" : "http://terminology.hl7.org/CodeSystem/v3-GTSAbbreviation",
        "code" : "Q6H",
        "display" : "Q6H"
      },
      {
        "extension" : [
          {
            "url" : "http://hl7.org/fhir/StructureDefinition/valueset-definition",
            "valueString" : "Every 8 hours at institution specified times."
          }
        ],
        "system" : "http://terminology.hl7.org/CodeSystem/v3-GTSAbbreviation",
        "code" : "Q8H",
        "display" : "every 8 hours"
      },
      {
        "extension" : [
          {
            "url" : "http://hl7.org/fhir/StructureDefinition/valueset-definition",
            "valueString" : "At bedtime (institution specified time)."
          }
        ],
        "system" : "http://terminology.hl7.org/CodeSystem/v3-GTSAbbreviation",
        "code" : "BED",
        "display" : "at bedtime"
      },
      {
        "extension" : [
          {
            "url" : "http://hl7.org/fhir/StructureDefinition/valueset-definition",
            "valueString" : "Weekly at institution specified time."
          }
        ],
        "system" : "http://terminology.hl7.org/CodeSystem/v3-GTSAbbreviation",
        "code" : "WK",
        "display" : "weekly"
      },
      {
        "extension" : [
          {
            "url" : "http://hl7.org/fhir/StructureDefinition/valueset-definition",
            "valueString" : "Monthly at institution specified time."
          }
        ],
        "system" : "http://terminology.hl7.org/CodeSystem/v3-GTSAbbreviation",
        "code" : "MO",
        "display" : "monthly"
      }
    ]
  }
}