{
  "resourceType": "Library",
  "id": "HomeOxygenTherapy-prepopulation",
  "url": "http://hl7.org/fhir/us/davinci-dtr/Library/HomeOxygenTherapy-prepopulation",
  "name": "HomeOxygenTherapy-prepopulation",
  "version": "0.1.0",
  "title": "Oxygen Therapy Prepopulation",
  "status": "draft",
  "type": {
    "coding": [
      {
        "code": "logic-library"
      }
    ]
  },
  "relatedArtifact": [
    {
      "type": "depends-on",
      "resource": "Library/FHIRHelpers-4.0.0"
    },
    {
      "type": "depends-on",
      "resource": "Library/CDS_Connect_Commons_for_FHIRv400"
    },
    {
      "type": "depends-on",
      "resource": "Library/DTRHelpers"
    }
  ],
  "dataRequirement": [
    {
      "type": "Condition",
      "codeFilter": [
        {
          "path": "code",
          "valueSet": "http://cts.nlm.nih.gov/fhir/ValueSet/2.16.840.1.113762.1.4.1219.25"
        }
      ]
    },
    {
      "type": "DeviceRequestValueSet",
      "codeFilter": [
        {
          "path": "code",
          "valueSet": "http://cts.nlm.nih.gov/fhir/ValueSet/2.16.840.1.113762.1.4.1219.80"
        }
      ]
    },
    {
      "type": "DeviceRequestValueSet",
      "codeFilter": [
        {
          "path": "code",
          "valueSet": "http://cts.nlm.nih.gov/fhir/ValueSet/2.16.840.1.113762.1.4.1219.79"
        }
      ]
    },
    {
      "type": "DeviceRequestValueSet",
      "codeFilter": [
        {
          "path": "code",
          "valueSet": "http://cts.nlm.nih.gov/fhir/ValueSet/2.16.840.1.113762.1.4.1219.77"
        }
      ]
    },
    {
      "type": "DeviceRequestValueSet",
      "codeFilter": [
        {
          "path": "code",
          "valueSet": "http://cts.nlm.nih.gov/fhir/ValueSet/2.16.840.1.113762.1.4.1219.74"
        }
      ]
    },
    {
      "type": "DeviceRequest",
      "codeFilter": [
        {
          "path": "code",
          "valueSet": "http://cts.nlm.nih.gov/fhir/ValueSet/2.16.840.1.113762.1.4.1219.78"
        }
      ]
    },
    {
      "type": "Observation",
      "codeFilter": [
        {
          "path": "code",
          "valueSet": "http://cts.nlm.nih.gov/fhir/ValueSet/2.16.840.1.113762.1.4.1219.106"
        }
      ]
    },
    {
      "type": "Observation",
      "codeFilter": [
        {
          "path": "code",
          "valueSet": "http://cts.nlm.nih.gov/fhir/ValueSet/2.16.840.1.113883.17.4077.3.2006"
        }
      ]
    },
    {
      "type": "Observation",
      "codeFilter": [
        {
          "path": "code",
          "valueSet": "http://cts.nlm.nih.gov/fhir/ValueSet/2.16.840.1.113762.1.4.1219.132"
        }
      ]
    }
  ],
  "content": [
    {
      "contentType": "application/elm+json",
      "url": "files/HomeOxygenTherapy/r4/HomeOxygenTherapyPrepopulation-0.1.0.cql"
    }
  ]
}