{
  "resourceType": "Library",
  "id": "UrologicalSupplies-prepopulation",
  "url": "http://hl7.org/fhir/us/davinci-dtr/Library/UrologicalSupplies-prepopulation",
  "name": "UrologicalSupplies-prepopulation",
  "version": "0.1.0",
  "title": "UrologicalSupplies Prepopulation",
  "status": "draft",
  "type": {
    "coding": [
      {
        "code": "logic-library"
      }
    ]
  },
  "relatedArtifact": [
    {
      "type": "depends-on",
      "resource": "Library/FHIRHelpers-4.0.0"
    },
    {
      "type": "depends-on",
      "resource": "Library/CDS_Connect_Commons_for_FHIRv400"
    },
    {
      "type": "depends-on",
      "resource": "Library/DTRHelpers"
    }
  ],
  "dataRequirement": [
    {
      "type": "Condition",
      "codeFilter": [
        {
          "path": "code",
          "valueSet": "http://cts.nlm.nih.gov/fhir/ValueSet/2.16.840.1.113762.1.4.1219.70"
        }
      ]
    },
    {
      "type": "Condition",
      "codeFilter": [
        {
          "path": "code",
          "valueSet": "http://cts.nlm.nih.gov/fhir/ValueSet/2.16.840.1.113762.1.4.1219.60"
        }
      ]
    },
    {
      "type": "DeviceRequest",
      "codeFilter": [
        {
          "path": "code",
          "valueSet": "http://cts.nlm.nih.gov/fhir/ValueSet/2.16.840.1.113762.1.4.1219.61"
        }
      ]
    },
    {
      "type": "Condition",
      "codeFilter": [
        {
          "path": "code",
          "valueSet": "http://cts.nlm.nih.gov/fhir/ValueSet/2.16.840.1.113762.1.4.1219.59"
        }
      ]
    },
    {
      "type": "Condition",
      "codeFilter": [
        {
          "path": "code",
          "valueSet": "http://cts.nlm.nih.gov/fhir/ValueSet/2.16.840.1.113762.1.4.1219.62"
        }
      ]
    },
    {
      "type": "Condition",
      "codeFilter": [
        {
          "path": "code",
          "valueSet": "http://cts.nlm.nih.gov/fhir/ValueSet/2.16.840.1.113762.1.4.1219.63"
        }
      ]
    }
  ],
  "content": [
    {
      "contentType": "application/elm+json",
      "url": "files/UrologicalSupplies/r4/UrologicalSuppliesPrepopulation-0.1.0.cql"
    }
  ]
}