{
  "resourceType": "Library",
  "id": "BasicPractitionerInfo-prepopulation",
  "name": "BasicPractitionerInfo-prepopulation",
  "version": "0.0.1",
  "title": "Basic Practitioner Info",
  "status": "draft",
  "type": {
    "coding": [
      {
        "code": "logic-library"
      }
    ]
  },
  "relatedArtifact": [
    {
      "type": "depends-on",
      "resource": {
        "reference": "Library/FHIRHelpers-3.0.0"
      }
    }
  ],
  "content": [
    {
      "contentType": "application/elm+json",
      "url": "files/Shared/stu3/BasicPractitionerInfoPrepopulation-0.0.1.cql"
    }
  ]
}