{
  "resourceType": "Library",
  "id": "HomeOxygenTherapy-prepopulation",
  "name": "HomeOxygenTherapy-prepopulation",
  "version": "0.0.1",
  "title": "Oxygen Therapy Prepopulation",
  "status": "draft",
  "type": {
    "coding": [
      {
        "code": "logic-library"
      }
    ]
  },
  "relatedArtifact": [
    {
      "type": "depends-on",
      "resource": {
        "reference": "Library/FHIRHelpers-3.0.0"
      }
    }
  ],
  "content": [
    {
      "contentType": "application/elm+json",
      "url": "files/HomeOxygenTherapy/stu3/HomeOxygenTherapyPrepopulation-0.0.2.cql"
    }
  ]
}