{
    "resourceType": "Library",
    "version": "1.0.0",
    "title": "LowerLimbProsthesis",
    "name": "LowerLimbProsthesis",
    "id": "LowerLimbProsthesis",
    "url": "http://hl7.org/fhir/us/davinci-dtr/Library/LowerLimbProsthesis",
    "status": "draft",
    "type": {
      "coding": [
        {
          "code": "logic-library"
        }
      ]
    },
    "relatedArtifact": [
      {
        "type": "depends-on",
        "resource": "Library/FHIRHelpers-4.0.0"
      }
    ],
    "dataRequirement": [
      {
        "type": "Procedure",
        "codeFilter": [
          {
            "path": "code",
            "valueSet": "http://cts.nlm.nih.gov/fhir/ValueSet/2.16.840.1.113883.3.7643.3.1031"
          }
          ]
      },
      {
        "type": "Procedure",
        "codeFilter": [
          {
            "path": "code",
            "valueSet": "http://cts.nlm.nih.gov/fhir/ValueSet/2.16.840.1.113883.3.7643.3.1032"
          }
          ]
      },
      
      {
        "type": "Condition",
        "codeFilter": [
          {
            "path": "code",
            "valueSet": "http://cts.nlm.nih.gov/fhir/ValueSet/2.16.840.1.113883.17.4077.3.2006"
          }
          ]
      },
      {
        "type": "Condition",
        "codeFilter": [
          {
            "path": "code",
            "valueSet": "http://cts.nlm.nih.gov/fhir/ValueSet/2.16.840.1.113883.3.464.1003.199.12.1055"
          }
          ]
      },
      
      {
        "type": "Observation",
        "codeFilter": [
          {
            "path": "code",
            "valueSet": "http://cts.nlm.nih.gov/fhir/ValueSet/2.16.840.1.113762.1.4.1045.159"
          }
        ]
      },
      {
        "type": "Observation",
        "codeFilter": [
          {
            "path": "code",
            "valueSet": "http://cts.nlm.nih.gov/fhir/ValueSet/2.16.840.1.113883.3.464.1003.121.12.1014"
          }
        ]
      },
      {
        "type": "Procedure",
        "codeFilter": [
          {
            "path": "code",
            "valueSet": "<server-path>ValueSet/2.16.840.1.113883.3.6037.1001.23.95.21"
          }
          ]
      },
      {
        "type": "Procedure",
        "codeFilter": [
          {
            "path": "code",
            "valueSet": "<server-path>ValueSet/2.16.840.1.113883.3.6037.1001.23.95.31"
          }
          ]
      },
      {
        "type": "Encounter",
        "codeFilter": [
          {
            "path": "code",
            "valueSet": "http://cts.nlm.nih.gov/fhir/ValueSet/2.16.840.1.113762.1.4.1047.428"
          }
          ]        
      }
    ],
    "content": [
      {
        "contentType": "application/elm+json",
        "url": "files/LowerLimbProsthesis/r4/LowerLimbProsthesis-1.0.0.cql"
      }
    ]
  }
  