{
    "topic": "ImmunosuppressiveDrugs",
    "payers": [
        "cms"
    ],
    "mappings": [
        {
            "codeSystem": "rxnorm",
            "codes":[
                "105585",
                "105611",
                "107047",
                "107050",
                "108513",
                "108515",
                "197388",
                "197906",
                "198377",
                "199058",
                "206289",
                "239983",
                "314230",
                "349208",
                "351901",
                "485020",
                "616447",
                "616450",
                "977427",
                "977431"
            ]
        }
    ],
    "fhirVersions": [
        "R4"
    ]
}
