{
  "resourceType": "Library",
  "id": "HospitalBedsAndAccessories-prepopulation",
  "url": "http://hl7.org/fhir/us/davinci-dtr/Library/HospitalBedsAndAccessories-prepopulation",
  "name": "HospitalBedsAndAccessories-prepopulation",
  "version": "0.0.1",
  "title": "Hospital Bed Prepopulation",
  "status": "draft",
  "type": {
    "coding": [
      {
        "code": "logic-library"
      }
    ]
  },
  "relatedArtifact": [
    {
      "type": "depends-on",
      "resource": "Library/FHIRHelpers-4.0.0"
    },
    {
      "type": "depends-on",
      "resource": "Library/CDS_Connect_Commons_for_FHIRv400"
    },
    {
      "type": "depends-on",
      "resource": "Library/DTRHelpers"
    }
  ],
  "content": [
    {
      "contentType": "application/elm+json",
      "url": "files/HospitalBedsAndAccessories/r4/HospitalBedsAndAccessoriesPrepopulation-0.1.0.cql"
    }
  ],
  "dataRequirement": [
    {
      "type": "DeviceRequest",
      "codeFilter": [
        {
          "path": "code",
          "valueSet": "http://cts.nlm.nih.gov/fhir/ValueSet/2.16.840.1.113762.1.4.1219.50"
        }
      ]
    },
    {
      "type": "DeviceRequest",
      "codeFilter": [
        {
          "path": "code",
          "valueSet": "http://cts.nlm.nih.gov/fhir/ValueSet/2.16.840.1.113762.1.4.1219.51"
        }
      ]
    },
    {
      "type": "DeviceRequest",
      "codeFilter": [
        {
          "path": "code",
          "valueSet": "http://cts.nlm.nih.gov/fhir/ValueSet/2.16.840.1.113762.1.4.1219.52"
        }
      ]
    },
    {
      "type": "DeviceRequest",
      "codeFilter": [
        {
          "path": "code",
          "valueSet": "http://cts.nlm.nih.gov/fhir/ValueSet/2.16.840.1.113762.1.4.1219.55"
        }
      ]
    },
    {
      "type": "DeviceRequest",
      "codeFilter": [
        {
          "path": "code",
          "valueSet": "http://cts.nlm.nih.gov/fhir/ValueSet/2.16.840.1.113762.1.4.1219.56"
        }
      ]
    },
    {
      "type": "DeviceRequest",
      "codeFilter": [
        {
          "path": "code",
          "valueSet": "http://cts.nlm.nih.gov/fhir/ValueSet/2.16.840.1.113762.1.4.1219.57"
        }
      ]
    },
    {
      "type": "Observation"
    },
    {
      "type": "Encounter"
    }
  ]
}